epoch,lr,loss,val_loss,SDR,R_ave
0,0.0001,0.004608076403383165,0.002242883518113788,0.001285140562248996,118.22129450418863
1,0.0001,0.001799093270286297,0.0015842624221849872,0.007550200803212854,83.02458985110363
2,0.0001,0.0015332412692562988,0.0015146659176617143,0.029879518072289158,61.561600209431475
3,0.0001,0.001482608481698359,0.001469219850757754,0.10859437751004017,37.845711912591774
4,0.0001,0.0014313994615804404,0.0014350721020677901,0.17285140562248996,31.453219645856375
5,0.0001,0.001369958120631054,0.0013529549821291163,0.25670682730923694,23.7871557948101
6,0.0001,0.0012770502808659026,0.0013324838594522283,0.2726104417670683,24.06207785089332
7,0.0001,0.0011709716656090072,0.0011896330439653921,0.3518072289156626,19.170934286462256
8,0.0001,0.001080409842931355,0.001213771447606654,0.37140562248995984,20.187967635924558
9,0.0001,0.000993462329885612,0.0012161125947934496,0.4144578313253011,22.001640581797403
10,0.0001,0.0008908629718159015,0.001201438457503107,0.497991967871486,17.29030010958752
11,0.0001,0.0007975961363020663,0.0011141642002411277,0.5325301204819277,17.302789842077047
12,0.0001,0.0006683821993647143,0.0008461387543265809,0.6648995983935743,7.127811938596059
13,0.0001,0.0005941354262176901,0.000814345620393035,0.6931726907630521,6.509972202346986
14,0.0001,0.0005246639436033244,0.0007444819229295904,0.7408835341365462,5.319093526127827
15,0.0001,0.0004814507924796393,0.0007807707083018788,0.6914056224899598,7.36853356993342
16,0.0001,0.0004418848965239401,0.0006242109140022153,0.7837751004016064,4.971201180837241
17,0.0001,0.00040514369757147504,0.000506165738817843,0.8523694779116466,3.4838714599609375
18,0.0001,0.0003421203538891859,0.0006264900240250471,0.8086746987951806,4.323408057890743
19,0.0001,0.0002903287636096744,0.0004043281513142837,0.8772690763052208,2.806641370704375
20,0.0001,0.00025862441058658686,0.00039115040135255687,0.868433734939759,2.7848432627068944
21,0.0001,0.00024491613900560577,0.0003276337022999728,0.887710843373494,2.6479406517672253
22,0.0001,0.00023401360182712477,0.0003213680601757334,0.8957429718875503,2.420222520828247
23,0.0001,0.00022415987332351505,0.00027677372100774246,0.9093975903614459,2.383429626671665
24,0.0001,0.0002143249827592323,0.00025941831191597756,0.9158232931726906,2.1368252915072152
25,0.0001,0.00021565807910519652,0.00030026645687161887,0.8967068273092367,2.519858696949051
26,0.0001,0.0001972687309413838,0.00020585362873101854,0.9135742971887548,2.0609906771096838
27,0.0001,0.00020314405640723028,0.00024098217969827624,0.9063453815261042,2.312812516775476
28,0.0001,0.00019532307996996678,0.0003783671525503363,0.8920481927710842,3.364298181648714
29,0.0001,0.00019285265710398866,0.00022013602246732328,0.9211244979919678,2.0468173469405575
30,0.0001,0.0001878720543269689,0.0002485210625090109,0.9134136546184738,2.1834333161273634
31,0.0001,0.000187078322051093,0.0002216104275325358,0.9187148594377507,2.1107001321861545
32,0.0001,0.0001966362979146652,0.00024058418039860855,0.9322088353413653,2.0047665406422444
33,0.0001,0.00017410756615087545,0.0002035312914901065,0.9355823293172691,2.0527560693671902
34,0.0001,0.00018458327467669734,0.0002127008709680648,0.9243373493975904,2.082320108758398
35,0.0001,0.00018565747632237617,0.00021385234557597124,0.9233734939759036,1.9507233154342836
36,0.0001,0.0001793655826380321,0.00021527649593505873,0.9219277108433737,2.2105439525052724
37,0.0001,0.00017784577600347498,0.00017236726553493503,0.9368674698795181,1.816384536961475
38,0.0001,0.00017082109685967833,0.00018176135399479822,0.9323694779116467,1.9279443307095263
39,0.0001,0.000163971971051069,0.00016537951435248582,0.9416867469879519,1.8974203804889358
40,0.0001,0.00017575024139659945,0.00016650691767312946,0.9404016064257029,1.743636608698282
41,0.0001,0.0001692518995696446,0.0001992583073919684,0.939437751004016,1.8630283898617848
42,0.0001,0.00016671265633097694,0.0001478918362759525,0.9485943775100399,1.6256312577121228
43,0.0001,0.00016451707379019353,0.00017675684091034738,0.9383132530120484,1.7736231209283853
44,0.0001,0.00017237068980951637,0.0001644115944824978,0.9412048192771083,1.777612958471459
45,0.0001,0.0001629359663638752,0.00015409561620985932,0.949879518072289,1.7380728440112378
46,0.0001,0.000161690020468086,0.00021336203320400723,0.933975903614458,1.9105737993516119
47,0.0001,0.0001680893884137428,0.00014549088257600565,0.9514859437751003,1.6341653028166438
48,0.0001,0.0001538934347384687,0.00014998626387509775,0.9508433734939755,1.6638643856508186
49,0.0001,0.00015875986658405358,0.00015241207406962716,0.951164658634538,1.664703221780708
50,0.0001,0.0001592047608331389,0.0001677173333935417,0.9405622489959838,1.713207606809685
51,0.0001,0.00015666514979481387,0.00013778421688398504,0.9535742971887551,1.547526957328061
52,0.0001,0.00015569309095250599,0.0002047616029046027,0.9418473895582328,2.138796248493424
53,0.0001,0.00015635613999620546,0.000169309562967013,0.9448995983935743,1.7341962351856461
54,0.0001,0.00015239061322063207,0.0001412606432035296,0.9530923694779115,1.564426603374711
55,0.0001,0.00014030752875745142,0.00014158862212347426,0.9487550200803211,1.705644750882344
56,0.0001,0.00015234720982941022,0.00015271083642560314,0.944578313253012,1.7363182171281561
57,0.0001,0.0001634478509610441,0.00018448559826812202,0.9415261044176707,1.909242028213409
58,0.0001,0.00015052034905238543,0.00013359344977442264,0.9513253012048194,1.5936905872390932
59,0.0001,0.00015151079460338224,0.00018000906615248734,0.9493975903614457,1.7179429450667048
60,0.0001,0.0001505602721105485,0.00017612376127599638,0.9412048192771086,1.8930275514901402
61,0.0001,0.00015029661214308968,0.00014459398117180105,0.9516465863453816,1.656068869958441
62,0.0001,0.0001480647924230046,0.0001328451061377257,0.9566265060240963,1.548713983397886
63,0.0001,0.00014963690615938202,0.0001717495752697676,0.9461847389558231,1.6936047240912195
64,0.0001,0.00015258234537517031,0.00013676734847375697,0.9545381526104417,1.6031045451221695
65,0.0001,0.0001429875498918894,0.00014000802163416183,0.9555020080321285,1.5824859917881977
66,0.0001,0.0001483340381431238,0.00013578290727090495,0.9601606425702811,1.4990430458482489
67,0.0001,0.00014406014124688227,0.00014208761185508626,0.9514859437751001,1.6160333176693285
68,0.0001,0.0001490153943450423,0.00014085485824350132,0.9527710843373492,1.5972817366381726
69,0.0001,0.00014947688153673275,0.00014253331734714693,0.9546987951807228,1.574695156281253
70,0.0001,0.00014088891402934677,0.00013065898783241276,0.956144578313253,1.6787007705274835
71,0.0001,0.00014307261553767603,0.00014803351112781653,0.9521285140562248,1.6828623326427965
72,0.0001,0.00014448865622398443,0.00012780337588137847,0.9575903614457828,1.5337734432105559
73,0.0001,0.000140664384283203,0.00014154239075892346,0.9582329317269078,1.5261412735444955
74,0.0001,0.00014715069858842373,0.00015270988844722196,0.9519678714859436,1.6804178413138333
75,0.0001,0.00014019216760061682,0.0001419764629590426,0.9516465863453816,1.6046075165989888
76,0.0001,0.0001426584430494889,0.0001374112207902573,0.9601606425702809,1.5385310388473143
77,0.0001,0.0001454759397650681,0.00014385025834675924,0.9556626506024094,1.5850813161895936
78,0.0001,0.00013387572980718687,0.00015944307954022548,0.9510040160642572,1.7995439512183868
79,0.0001,0.00013391654574661515,0.00013460418723484343,0.9614457831325299,1.5111740413918553
80,0.0001,0.0001440434537168282,0.00015304462636360922,0.9556626506024095,1.6874193493142184
81,0.0001,0.0001413774897325008,0.00013800734136511672,0.9566265060240964,1.626184851577483
82,0.0001,0.0001360478780649525,0.0001228386911785185,0.9590361445783131,1.548284902630082
83,0.0001,0.0001313775056284309,0.00016490633996394294,0.9473092369477911,1.7995590465614595
84,0.0001,0.00015109513539452262,0.00014668582063392702,0.9545381526104415,1.6993509479315885
85,0.0001,0.000134805775693773,0.00013870570331065725,0.9559839357429719,1.5763173574424652
86,0.0001,0.00013559095774932453,0.00014979651654335524,0.9535742971887547,1.624643094281116
87,0.0001,0.0001431636190924716,0.0001332765055542632,0.9563052208835339,1.556785399080759
88,0.0001,0.00013513368940039073,0.00014377263394262956,0.9588755020080322,1.5733411843518177
89,0.0001,0.00013537113372876774,0.00012292995823109633,0.9622489959839359,1.493926831613104
90,0.0001,0.0001391886438796064,0.00018436901403888386,0.9367068273092372,2.1366251055016576
91,0.0001,0.0001310102651283766,0.0001281365002533533,0.9603212851405621,1.5496374678899008
92,0.0001,0.0001249836734738589,0.00012369596785781568,0.9563052208835342,1.5495025746793631
93,0.0001,0.00013602602557512,0.00014793057831324053,0.9572690763052207,1.5839994522462408
94,0.0001,0.00013893740409306096,0.00014147178469091115,0.9585542168674694,1.5955043855919895
95,0.0001,0.00012681481554560985,0.0001262961436239778,0.9643373493975901,1.547717461241297
96,0.0001,0.00013045497495719853,0.0001231997879081776,0.9595180722891566,1.517537950033165
97,0.0001,0.00013264190432285734,0.00015846086712974875,0.9503614457831325,1.7830292075513356
98,0.0001,0.00013799492868808252,0.00014796147469419942,0.9591967871485942,1.580871850898467
99,0.0001,0.0001306964181518803,0.00012258979003085385,0.9635341365461845,1.5004677873059928
100,0.0001,0.00012830594835880522,0.00014250033141635583,0.958875502008032,1.5948405699557568
101,0.0001,0.00013429923007303538,0.00014073468905351832,0.9564658634538151,1.61893514035696
102,0.0001,0.0001382889668699742,0.00013779009014216578,0.9590361445783131,1.606875825215535
103,0.0001,0.0001307616673633068,0.00015020215405566416,0.9587148594377509,1.574428365603987
104,0.0001,0.00013597238782191804,0.00016275748872781644,0.9510040160642569,1.693335865204593
105,0.0001,0.00013414597779046745,0.00015229546455862786,0.9563052208835342,1.597322871886104
106,0.0001,0.00012704340697382576,0.00013012612436292132,0.9603212851405621,1.499506949516664
107,0.0001,0.00012796841995926417,0.00013280470325353455,0.9591967871485944,1.5681524946028929
108,0.0001,0.00013124011372080228,0.00013397409901842026,0.9550200803212848,1.5695208859730916
109,0.0001,0.00012943763734559374,0.00016661278289148069,0.953734939759036,1.653375897924584
110,0.0001,0.0001456649730243953,0.00014045357385773706,0.9548594377510038,1.6605818148118905
111,0.0001,0.0001243726223037811,0.00014608385457225278,0.9500401606425704,1.6791880486959434
112,0.0001,0.00012786225585538583,0.00012490101956695048,0.9599999999999996,1.5226503061960979
113,0.0001,0.00012708819594990927,0.00015367449335585605,0.956305220883534,1.6859211913074355
114,0.0001,0.00013500290042429698,0.0001356387222662613,0.9604819277108433,1.5746696164809078
115,0.0001,0.00011995267426148834,0.0001324981865851792,0.9649799196787149,1.5386485007872064
116,0.0001,0.0001287152729977,0.00015480369375036828,0.9529317269076303,1.7278204619166362
117,0.0001,0.00013108765973205057,0.0001256895661830947,0.9546987951807228,1.588529031535229
118,0.0001,0.0001264432555520519,0.0001392717710597979,0.9593574297188755,1.5352455139160157
119,0.0001,0.00012649532363866455,0.0001423915031124804,0.9596787148594376,1.600347276480801
120,0.0001,0.00013096294193625606,0.0001370768293497119,0.9620883534136544,1.6191058509321097
121,0.0001,0.00012549296540479796,0.0001283792500785294,0.9593574297188752,1.526122705333204
122,0.0001,0.00012606573278996317,0.00013910880587933338,0.9590361445783131,1.5551790243171784
123,0.0001,0.0001361518288225246,0.0001163392091388758,0.9630522088353413,1.465251469037619
124,0.0001,0.00012416318568284624,0.00014148298149552554,0.954859437751004,1.6362088482063937
125,0.0001,0.00011988657085263792,0.0001430924583846389,0.9558232931726907,1.609771567654897
126,0.0001,0.00012717233706401507,0.00015275267160396618,0.9524497991967873,1.6282402400510856
127,0.0001,0.00013082958709370967,0.00016128549836884557,0.9535742971887551,1.6806920850133322
128,0.0001,0.000129527196259005,0.00013183439977983215,0.9598393574297187,1.5377007214419813
129,0.0001,0.00012502094020116298,0.00013029764095007118,0.957429718875502,1.5077949974910323
130,0.0001,0.00012770989524142352,0.00013697974658038198,0.9582329317269077,1.5778458216104163
131,0.0001,0.00012443915220501368,0.00012237618436071888,0.9633734939759037,1.5144683567874402
132,0.0001,0.00011549894261406735,0.0001286710311268759,0.9582329317269074,1.570650682966393
133,0.0001,0.00012426494455818708,0.00017111734406467167,0.9545381526104415,1.5783847145287386
134,0.0001,0.00013531332236501234,0.00014315707548044577,0.9567871485943775,1.6182156373219319
135,0.0001,0.00011631739483467149,0.00010931303423790104,0.9599999999999999,1.4777240152818611
136,0.0001,0.00011045874016417656,0.0001393343886523227,0.9556626506024094,1.6008741238031043
137,0.0001,0.0001256160372577142,0.0001713393929664113,0.9391164658634538,1.6650187957717713
138,0.0001,0.00013556666672229767,0.0001550240417260744,0.9532530120481925,1.7085045690996101
139,0.0001,0.0001233650784949229,0.0001396168259684984,0.956144578313253,1.580179443129574
140,0.0001,0.00011642234288350058,0.00014960929090072995,0.9538955823293173,1.6554855108261108
141,0.0001,0.00012096819834065779,0.00013501078068525586,0.960321285140562,1.5244401009686022
142,0.0001,0.00012227322840772104,0.00016646300188647247,0.9513253012048191,1.6643616331629005
143,0.0001,0.0001133460616983939,0.00014098189583227756,0.9566265060240964,1.5400203512375614
144,0.0001,0.00012598643091526657,0.00017172678153546729,0.957590361445783,1.6248217456312064
145,0.0001,0.00012970471628553543,0.00014389867923104665,0.9555020080321285,1.627793566864657
146,0.0001,0.00011890211001931069,0.00012697685511322713,0.9580722891566265,1.5087227936250618
147,0.0001,0.00012418627435787735,0.00013169896475415316,0.957590361445783,1.6505351428525994
148,0.0001,0.00012110968442963591,0.0001374010245262432,0.9575903614457829,1.5967349586716617
149,0.0001,0.0001225122700513263,0.00012769847908421946,0.9649799196787149,1.4962476917060026
150,0.0001,0.00011547691174200736,0.00014177013657768313,0.9564658634538152,1.6510084068918802
151,0.0001,0.00012253560028815022,0.00012365919769270322,0.9611244979919676,1.4880556758627834
152,0.0001,0.00011786577500364123,0.00013570819317969122,0.957269076305221,1.5653563154749124
153,0.0001,0.00012000979562193,0.00011286472870844855,0.9649799196787151,1.4626309526972023
154,0.0001,0.00011958010921565195,0.00012220620319348233,0.964819277108434,1.5056099957730398
155,0.0001,0.00011015207698316469,0.00011857726487768702,0.9617670682730923,1.4728199226310454
156,0.0001,0.0001263012301933486,0.00015553725579703026,0.9527710843373494,1.636108784215996
157,0.0001,0.00012867474336720382,0.0001529205163396581,0.9540562248995983,1.8470205890126976
158,0.0001,0.00012092134384147357,0.00015368028656097062,0.955020080321285,1.6981095877038428
159,0.0001,0.00011592606630680772,0.00012660344777886857,0.9619277108433735,1.5611792055957288
160,0.0001,0.00011128338398217845,0.00015502584584797902,0.9526104417670682,1.7535385511007653
161,0.0001,0.00011991981809842401,0.0001373012194968199,0.9569477911646584,1.538995937554233
162,0.0001,0.00012441772002299938,0.0001462431111532903,0.9564658634538151,1.6354656776749945
163,0.0001,0.00011995043726831985,0.00013060135702344487,0.9599999999999999,1.5097076576876354
164,0.0001,0.00011897912312027377,0.00018436191785878626,0.9502008032128513,1.703689656200179
165,0.0001,0.00011800727018756637,0.00025021737477888003,0.9497188755020078,1.8229316958461899
166,0.0001,0.00011525039735715836,0.00012779811219065394,0.9627309236947789,1.5409934698817243
167,0.0001,0.00011905951735874017,0.00018659643948089376,0.9453815261044176,1.7589007774031307
168,0.0001,0.00011341913232172373,0.00011661092400780867,0.9638554216867469,1.454196767634656
169,0.0001,0.00011120773863998087,0.00013910727733213186,0.9551807228915662,1.5827129539236966
170,0.0001,0.00011842968779092189,0.0002123379286347765,0.9426506024096385,2.105098071443029
171,0.0001,0.0001236874613823602,0.00013142364016868714,0.960321285140562,1.4698673104665365
172,0.0001,0.00012000058983782461,0.0001244997560447755,0.9604819277108433,1.5538778796253434
173,0.0001,0.00011616949983969485,0.00014872724850976233,0.9611244979919678,1.5870045035718434
174,0.0001,0.00011145736898470205,0.00013191623519264521,0.9534136546184738,1.6447797105973025
175,0.0001,0.00012228065885816857,0.00016895088006697414,0.9571084337349396,1.7594187667570917
176,0.0001,0.00012014348552232453,0.00011173595775322742,0.9601606425702808,1.4932284883705966
177,0.0001,0.00010923098561761435,0.00012509206233473204,0.9596787148594376,1.5587464255022716
178,0.0001,0.000109689751843689,0.00013077429310609417,0.9624096385542169,1.572384374974722
179,0.0001,0.00011757801851975576,0.00014232022734078387,0.9577510040160641,1.576004915065076
180,0.0001,0.0001182624157081591,0.00014982281778013357,0.9608032128514056,1.613731408406453
181,0.0001,0.00012570085661233558,0.00014732945493018502,0.9558232931726907,1.7318725215383324
182,0.0001,0.00011426985062522969,0.00014679986781564105,0.9612851405622489,1.5039638717490507
183,0.0001,0.00012316915453993715,0.00012856018171976714,0.9587148594377509,1.5631269512406314
184,0.0001,0.00011917367325319598,0.00013278615254213113,0.9625702811244978,1.5523063639560377
185,0.0001,0.00011678354967443738,0.00014151413104474456,0.9535742971887551,1.7066407594336084
186,0.0001,0.00011421719076073107,0.00010973490488502275,0.9620883534136544,1.5005669734564173
187,0.0001,0.00010614377897582017,0.00011774891877339322,0.9643373493975903,1.51216943579984
188,0.0001,0.00011099953844677657,0.00011987264039477401,0.9612851405622489,1.4917611196816685
189,0.0001,0.00010888488044050368,0.00012275459127730678,0.955020080321285,1.5522349294409694
190,0.0001,0.00010575156581277649,0.00012904444133655268,0.9591967871485942,1.6220660215400788
191,0.0001,0.00011615655239438638,0.000148906868900711,0.9625702811244979,1.570161112245307
192,0.0001,0.00011624875660345423,0.0001310961738618719,0.9598393574297189,1.5806942218757538
193,0.0001,0.00011037221678028194,0.00012615872357680226,0.9600000000000001,1.5882812011672789
194,0.0001,0.00010550332214431061,0.00016172015899231277,0.9458634538152609,2.0775693594691265
195,0.0001,0.00011588618193248597,0.00011437017136079494,0.9624096385542169,1.5163433442632837
196,0.0001,0.00011267070476606023,0.0001365196607454332,0.9548594377510037,1.7760675470513034
197,0.0001,0.00010530772342463025,0.00010346479451631656,0.9654618473895579,1.4500471462686377
198,0.0001,0.00010306353275761164,0.00012418289801403206,0.9591967871485942,1.5748327766556338
199,0.0001,0.0001095886366480651,0.0001288504925337676,0.9595180722891562,1.507258417232927
200,0.0001,0.00010852810131230702,0.00012470553842995944,0.9574297188755019,1.5520705720028245
201,0.0001,0.00010574617396438649,0.00011259089241572936,0.966425702811245,1.465059076734336
202,0.0001,0.0001172451443077686,0.0003331628823035722,0.8841767068273095,4.130351587088711
203,0.0001,0.00012219837420464805,0.00012252805642334812,0.9582329317269074,1.485054536612637
204,0.0001,0.00010989738705878457,0.00014713752284752633,0.9534136546184738,1.7512114168649697
205,0.0001,0.00010736928270489443,0.00011772588049678738,0.9608032128514054,1.5150330391274878
206,0.0001,0.00010358332207639857,0.0001078412202551557,0.9627309236947791,1.471611163989607
207,0.0001,0.00010595603477365027,0.0001337181262009923,0.9579116465863453,1.6412161781127195
208,0.0001,0.00010667217441853913,0.00023724733285903257,0.944738955823293,1.7344188687313034
209,0.0001,0.00010262272699037566,0.0001363144321745845,0.9548594377510041,1.6175900683345565
210,0.0001,0.00010178119276436822,0.00011038905379912221,0.9617670682730922,1.4873502794518527
211,0.0001,9.871501509527055e-05,0.0001091649578407362,0.9617670682730922,1.4909334987042897
212,0.0001,0.00011318679062242155,0.00013599756723606444,0.9566265060240964,1.5889870680958391
213,0.0001,0.00010193627555660593,0.00011458490324397403,0.9614457831325296,1.4821434581136128
214,0.0001,0.00010554031481054456,0.00011970526503724417,0.960321285140562,1.5172099090484252
215,0.0001,0.00010306947103041844,0.00011045138990851567,0.9609638554216866,1.4778756026762077
216,0.0001,9.872871548092614e-05,0.00011178878755224532,0.9612851405622488,1.519118093582521
217,0.0001,0.00010126699574660354,0.00012537487940329789,0.9553413654618473,1.5992710087672775
218,0.0001,0.00010300543641884966,0.00010308512747399958,0.9614457831325297,1.4566762289368962
219,0.0001,9.32568394394669e-05,0.00010912676614636263,0.9636947791164656,1.4757998288395893
220,0.0001,9.43371314254667e-05,0.00010162489046903709,0.9656224899598392,1.4373360806200877
221,0.0001,9.662028848348807e-05,0.00010881736136114516,0.966586345381526,1.4422888916659067
222,0.0001,0.00011799169066459095,0.00012704705968863859,0.957590361445783,1.5248669207814227
223,0.0001,0.0001025629685803627,0.00011317508620580276,0.9611244979919676,1.4816821833690965
224,0.0001,9.9550806771731e-05,0.00013784632042572126,0.9556626506024094,1.5895393107310836
225,0.0001,9.650423174510555e-05,0.00010536176139202687,0.9644979919678714,1.468326032018087
226,0.0001,0.00010777920469990931,0.00017188666079821717,0.9538955823293173,1.9784115917711373
227,0.0001,0.00010337691904472497,0.00010806571631566117,0.9635341365461845,1.5121708496507391
228,0.0001,0.00010108664415990158,0.00011351664504316827,0.9604819277108431,1.53218769883535
229,0.0001,0.00011057320989493746,0.00012627903158855008,0.9566265060240964,1.5983600926686483
230,0.0001,0.00010264553420711309,0.00010018174730084208,0.9653012048192768,1.4052026682589427
231,0.0001,9.753900897824981e-05,0.00012211714505150646,0.9582329317269074,1.5329079814704067
232,0.0001,0.00010126954196797063,0.00012232008367687105,0.9542168674698793,1.5207287604550281
233,0.0001,9.741203636319067e-05,0.00010775944175260388,0.9624096385542167,1.472564229333257
234,0.0001,9.686354411921153e-05,0.00015284532080797188,0.9518072289156625,1.7638385146497244
235,0.0001,9.730551403966578e-05,0.00012649270861566695,0.9495582329317268,1.5948940331677357
236,0.0001,9.733049325101698e-05,0.00011659567349545478,0.9587148594377509,1.5514840341476073
237,0.0001,0.00010193602659758956,0.0002595677357503628,0.9114859437751004,2.502915462815618
238,0.0001,0.0001051973965028689,0.00013097480920575425,0.9542168674698795,1.6814001307430038
239,0.0001,9.754459545850599e-05,0.00010843840027957346,0.9604819277108432,1.4663842821695718
240,0.0001,9.853628010508449e-05,0.0001025119129987714,0.9644979919678713,1.4553818892283612
241,0.0001,9.910827381342339e-05,0.0001099033147960632,0.9627309236947788,1.4822304105184165
242,0.0001,0.00010353304072244404,0.00012603914901664683,0.9582329317269075,1.5237826884511005
243,0.0001,0.00010325828685987896,0.00021800594288625766,0.9307630522088355,2.2362267290253235
244,0.0001,0.00010556868195029286,0.00011347755386510932,0.9571084337349396,1.5047204207225018
245,0.0001,0.00010587407753822238,0.00012723634220065033,0.9579116465863453,1.5713959843279368
246,0.0001,9.900410295813345e-05,0.00013611809822523135,0.9532530120481927,1.5958938182118427
247,0.0001,9.753479947297214e-05,0.0001231615004516824,0.9625702811244978,1.5520656826984451
248,0.0001,9.90356888602643e-05,0.00010952903248835355,0.9599999999999999,1.520547115371888
249,0.0001,9.729066562916463e-05,0.00011447630424672423,0.9649799196787149,1.461400116208088
250,0.0001,9.57014017937278e-05,0.00016805957666183091,0.9408835341365461,1.9095985039170966
251,0.0001,9.50238141134226e-05,0.00010393991337385006,0.9638554216867468,1.4414900219584086
252,0.0001,0.00010215034938786024,0.000127331998847223,0.957751004016064,1.5884652114776243
253,0.0001,0.00010069813579320908,0.00012846556267734753,0.9511646586345381,1.6378391168203699
254,0.0001,9.783895657164977e-05,0.00010430612222639372,0.9620883534136543,1.4568139099213013
255,0.0001,9.54357394221006e-05,0.00011268931497814111,0.9617670682730922,1.5532321415751813
256,0.0001,9.460535487354112e-05,0.0001120174922545564,0.9620883534136546,1.535500290307654
257,0.0001,0.00010230653351754882,0.00012632423709567456,0.959036144578313,1.6476063168192485
258,0.0001,0.00010614387271440743,0.0001585324475098491,0.9514859437751001,1.883092741219394
259,0.0001,9.71647175902035e-05,0.00010749913081638964,0.9627309236947788,1.4400283092475799
260,0.0001,9.858736157184467e-05,0.00014634757640726685,0.9543775100401605,1.812998015047556
261,0.0001,0.00012398060280247592,0.00012289693947960004,0.9526104417670681,1.5871080766241235
262,0.0001,0.0001131348264607368,0.00010940422856596758,0.9616064257028112,1.4768732903951622
263,0.0001,9.880838636793972e-05,0.00011666007669564022,0.9611244979919678,1.520032073216266
264,0.0001,9.513983119783613e-05,0.00010353019515386255,0.9632128514056225,1.4348481672355928
265,0.0001,9.905732695187907e-05,0.00014291245228027454,0.9616064257028111,1.5929618582668075
266,0.0001,9.584899489709642e-05,0.00010061570171811001,0.9681927710843372,1.4284933182130377
267,0.0001,9.760546223939552e-05,0.0001073376352741686,0.9609638554216867,1.458748282581927
268,0.0001,0.00010097468366438988,0.00012892320529832673,0.9513253012048192,1.6434767860964121
269,0.0001,0.00010728303156308054,0.00014214858581755222,0.9506827309236947,1.68611031842519
270,0.0001,9.703739924589172e-05,0.0001142472928496504,0.9606425702811243,1.49451079742018
271,0.0001,9.681216203413593e-05,0.00011222320096847792,0.9619277108433734,1.437866171584072
272,0.0001,9.500113458974132e-05,0.00010588630944131369,0.9644979919678714,1.479574482986726
273,0.0001,9.184439380381567e-05,0.0001189835680612217,0.9558232931726905,1.578744368380811
274,0.0001,9.208861580797626e-05,0.00011790189681664468,0.9580722891566265,1.5264858309044895
275,0.0001,9.520872020705914e-05,0.00010815226006200985,0.963855421686747,1.4295813247381923
276,0.0001,9.747517372791966e-05,0.00010335524733029642,0.9648192771084335,1.460653564441635
277,0.0001,9.592885859698678e-05,0.00010494182490482814,0.9630522088353413,1.4538543959698045
278,0.0001,9.604663609934505e-05,0.00016318844408301793,0.9526104417670682,1.776087155974055
279,0.0001,0.00011379549663009433,0.00018864081957214792,0.9307630522088355,2.2526895258800095
280,0.0001,0.00010147701468667946,0.00010307535244410027,0.9654618473895583,1.4430777647409094
281,0.0001,9.325026415657097e-05,0.00011243428733390588,0.9624096385542168,1.5294160210942647
282,0.0001,9.751073909380163e-05,0.00010757871730960008,0.9641767068273089,1.4637065459446734
283,0.0001,0.00010235093698914473,0.00012727408401292176,0.9569477911646587,1.5910648946302484
284,0.0001,9.472323987817315e-05,0.00020671959921538113,0.921285140562249,2.230129861831665
285,0.0001,9.276345190301072e-05,0.00011333434408423995,0.9587148594377507,1.522407949688923
286,0.0001,9.717474713397679e-05,0.00011757434139249802,0.9542168674698793,1.5133556136165758
287,0.0001,9.853750586141056e-05,9.626937198735976e-05,0.9657831325301204,1.4223109868635615
288,0.0001,9.319983679840031e-05,0.00011769587609563472,0.9614457831325299,1.4807518602853798
289,0.0001,9.569588570836155e-05,0.00013981312331014188,0.951164658634538,1.6985240715095795
290,0.0001,9.412876243004575e-05,0.00010382885864447713,0.9622489959839355,1.4300773048975381
291,0.0001,9.517090353862537e-05,0.00016510341406227594,0.9524497991967871,1.6352545396391167
292,0.0001,9.624798040022142e-05,0.00013402706311583653,0.96,1.6246357130717082
293,0.0001,0.000100805737565679,0.00018875427447337972,0.9334939759036147,2.0114175974604596
294,0.0001,9.889582409717453e-05,0.0001243838943619595,0.9587148594377511,1.5467986994479075
295,0.0001,0.00010654073654829214,0.00016580840186300092,0.9444176706827311,1.9841876713626356
296,0.0001,0.00010011089240530661,0.00010820865371272933,0.9632128514056224,1.4703793178121727
297,0.0001,9.175631348625756e-05,0.0001413625132023211,0.9527710843373494,1.6428841091064086
298,0.0001,9.195862609582643e-05,0.00010631860217012196,0.9604819277108431,1.4640857914844192
299,0.0001,9.152411948889493e-05,0.00011294794679866229,0.9593574297188754,1.4950375694826425
300,0.0001,9.401450176180029e-05,0.0001772358675882871,0.9410441767068274,1.9351367091558065
301,0.0001,9.642742297728546e-05,0.0001305940860099754,0.9469879518072288,1.6614527598921074
302,0.0001,0.00010386691113429454,0.0008166572642905346,0.9254618473895583,3.2179612406765123
303,0.0001,9.794113551227686e-05,0.00013318526041722036,0.9482730923694777,1.6047719860651406
304,0.0001,9.393889352698655e-05,0.000156792607516084,0.94714859437751,1.7945593986166528
305,0.0001,9.940662675944623e-05,0.00017820453041244344,0.9371887550200804,2.2776358455060475
306,0.0001,0.0001026058667775942,0.0001380796164501436,0.9510040160642569,1.6673613410398185
307,0.0001,9.785620253145074e-05,0.00010497199444392,0.9661044176706828,1.4999709617660706
308,0.0001,9.740743347113797e-05,0.00011011555142902646,0.9611244979919678,1.472380196330059
309,0.0001,9.391988884696426e-05,0.00011533007978781474,0.9596787148594376,1.4864924137850841
310,0.0001,9.829587676601174e-05,0.00011548540679070291,0.9633734939759037,1.4868880349469473
311,0.0001,9.660804923138737e-05,0.00010259047515987677,0.9685140562248996,1.4152324461075196
312,0.0001,9.334925513636942e-05,0.00011667909682027054,0.9585542168674697,1.5419611293149282
313,0.0001,9.813534901089345e-05,0.00012469393318990268,0.9593574297188754,1.5387363198291824
314,0.0001,0.00010024212448721907,0.00010346700931781432,0.9635341365461846,1.4440988839390767
315,0.0001,9.56992749706842e-05,0.00010236501246648672,0.9648192771084336,1.432709587338459
316,0.0001,9.742904427791169e-05,0.00014660742578478193,0.9474698795180724,1.686397496476231
317,0.0001,9.459257429019392e-05,0.0002376245620873678,0.8822489959839356,2.5586386646132873
318,0.0001,9.434732461765331e-05,0.00010655545755794429,0.9630522088353412,1.4579360961914063
319,0.0001,9.477398865177141e-05,0.00031960921513522604,0.8973493975903615,3.1941063145557083
320,0.0001,0.00010281958226793601,0.00020246263614474201,0.9354216867469881,2.3420809228736235
321,0.0001,9.612789132612913e-05,0.0001012052291532956,0.9641767068273089,1.442677122139069
322,0.0001,9.100385856678865e-05,0.00011621214360340936,0.9643373493975905,1.4814048152372061
323,0.0001,9.252408672182355e-05,0.00010708460452088368,0.9656224899598393,1.4523932508675448
324,0.0001,0.00010748514578153844,0.00012464379395234836,0.956144578313253,1.566001788966627
325,0.0001,9.795955059720048e-05,0.00010969814341599458,0.9575903614457832,1.494590096301343
326,0.0001,9.2913366825087e-05,0.0001237289231068578,0.9585542168674697,1.5602738426392337
327,0.0001,9.355451596396355e-05,0.00011851691836575383,0.9627309236947792,1.5554521282035185
328,0.0001,9.009265850181691e-05,0.00016264787416467555,0.9465060240963853,1.8557017636586384
329,0.0001,9.459619565556446e-05,0.00011313835783799864,0.9548594377510037,1.48742637117225
330,0.0001,9.421014268203483e-05,0.0002001401545768828,0.9412048192771082,1.911479083026748
331,0.0001,9.56980813498376e-05,0.00014957457280111869,0.9497188755020078,1.8596242198024888
332,0.0001,9.889744408913733e-05,0.0001618162144314924,0.9526104417670681,1.692740642019065
333,0.0001,9.533537753062168e-05,0.00011890132231946407,0.9606425702811245,1.4982929709446
334,0.0001,9.707077115308493e-05,0.00011283246928640832,0.9599999999999996,1.4605881952377686
335,0.0001,9.147314461491382e-05,0.00010984992266195007,0.9614457831325299,1.478514814376831
336,0.0001,9.118751804635395e-05,9.774503986076284e-05,0.964016064257028,1.413236713696675
337,0.0001,9.063958896149416e-05,0.00012692818547885146,0.9620883534136543,1.5403361811695329
338,0.0001,9.286385684390553e-05,0.00010693933455699898,0.9627309236947789,1.467411818849035
339,0.0001,8.932747781121482e-05,0.00011330250666774137,0.961606425702811,1.440337721411004
340,0.0001,8.865584992842438e-05,0.0001336314664250352,0.9604819277108432,1.4749632596969604
341,0.0001,9.532905836143376e-05,0.0001643812269496967,0.9502008032128513,1.8469637813338313
342,0.0001,9.314677966661596e-05,0.00010545879882249801,0.9624096385542166,1.468170183250703
343,0.0001,9.982853540956664e-05,0.0001499236940409068,0.9546987951807229,1.718689585019307
344,0.0001,9.481065802295537e-05,0.00020568837115052997,0.9278714859437751,2.244670718836497
345,0.0001,9.756351331210074e-05,0.00012686756647792253,0.9518072289156625,1.5990683581455645
346,0.0001,0.00010296583495801314,0.0001089482835749254,0.9624096385542167,1.4784874321466468
347,0.0001,9.666077967267484e-05,0.00010257405795210255,0.967871485943775,1.4259851021939014
348,0.0001,9.794575465396823e-05,0.00013722278067634542,0.9497188755020078,1.612831629615232
349,0.0001,9.284577596796832e-05,0.00010728034880208637,0.9609638554216867,1.479368014507983
350,0.0001,9.51310338981178e-05,0.0001758748898983944,0.9318875502008033,2.0243237834378895
351,0.0001,9.219355039628378e-05,0.00011635412916496216,0.9616064257028111,1.5687021180807825
352,0.0001,9.143952544642768e-05,9.865457446634185e-05,0.966104417670683,1.419715482068349
353,0.0001,8.938145195619048e-05,0.00010799850548999047,0.9590361445783131,1.4851695580654833
354,0.0001,8.855652849888429e-05,0.00012240500272818315,0.9571084337349396,1.4845584619476135
355,0.0001,9.033540942861388e-05,0.00010038800344729504,0.9636947791164658,1.4170308256723794
356,0.0001,9.731457491094868e-05,0.000246818680021665,0.9297991967871487,2.5256779578794917
357,0.0001,9.914488582580816e-05,0.00010760936735994575,0.9633734939759035,1.5022662892399063
358,0.0001,9.249001371548123e-05,0.00010691665481854545,0.9678714859437753,1.4838038206100463
359,0.0001,9.227778282365762e-05,0.00013340034834894698,0.9600000000000001,1.5845819812223136
360,0.0001,0.0001015614176139934,0.00013691617918610348,0.9476305220883531,1.6586785574993455
361,0.0001,9.467020414983078e-05,0.00010267803107082551,0.9654618473895583,1.4161438051476536
362,0.0001,9.0666078904178e-05,0.00010923796493969633,0.9665863453815262,1.4477585617318212
363,0.0001,8.868792089439618e-05,0.00010155972248681047,0.9659437751004015,1.4314761997705483
364,0.0001,9.014444124962513e-05,0.00010486102893707309,0.9643373493975903,1.470546502952116
365,0.0001,0.00010118488219935292,0.00044804044686403707,0.9028112449799196,4.300670044680676
366,0.0001,9.356919642110976e-05,0.00013904263740910374,0.9535742971887547,1.7708772886230284
367,0.0001,9.17406285831627e-05,0.0001277514766685732,0.9540562248995982,1.5358341794416128
368,0.0001,8.939842227846384e-05,0.00013883514603296946,0.9564658634538151,1.5631913926227983
369,0.0001,9.017863909927352e-05,0.00024056239860098674,0.9238554216867471,2.757671297027404
370,0.0001,9.313463354677272e-05,0.00013600225389951906,0.9534136546184738,1.6614620648234724
371,0.0001,8.949810968867193e-05,0.00033373563173114807,0.9457028112449799,2.1240477228739176
372,0.0001,9.457403515019298e-05,0.00013474847788989814,0.9550200803212849,1.6497562850814267
373,0.0001,9.107551450142637e-05,0.0001142547354003953,0.9572690763052208,1.4856758482484933
374,0.0001,9.20505067066794e-05,0.00010809894466733403,0.9620883534136544,1.5149593947881677
375,0.0001,8.99955243464016e-05,0.00014542159515696702,0.9514859437751001,1.7196461539670644
376,0.0001,9.551600912042583e-05,0.00011267372104058783,0.9583935742971887,1.5178522957376688
377,0.0001,9.675002317332352e-05,0.0001008920917667572,0.9654618473895581,1.4121015896280127
378,0.0001,9.312961859298715e-05,0.0002304881795012134,0.9429718875502008,2.0742404058755164
379,0.0001,9.322627362659356e-05,0.00010604550174847021,0.9632128514056226,1.4735547887273581
380,0.0001,9.23404917557491e-05,0.0001280767674815942,0.9543775100401605,1.590036684059235
381,0.0001,9.254089369884848e-05,0.00010708500515439558,0.96,1.4438116765884033
382,0.0001,9.244845338495604e-05,0.00012369895433159882,0.9635341365461846,1.5217544969305934
383,0.0001,9.53027465584455e-05,0.00017329708743890948,0.9463453815261045,1.9578860294388
384,0.0001,9.974333855401104e-05,9.851967659919152e-05,0.9659437751004016,1.4290017406624484
385,0.0001,8.851259008224588e-05,0.00010689910689189312,0.9643373493975903,1.508420093088265
386,0.0001,9.277914596168557e-05,0.0001127179989770773,0.9624096385542168,1.491165294704667
387,0.0001,9.28229248529533e-05,0.00018747361395816622,0.9328514056224899,2.055157762550446
388,0.0001,9.064000162955684e-05,0.0001349965561705877,0.9543775100401604,1.8444313807659838
389,0.0001,9.221565742336679e-05,0.00014774893075283842,0.9487550200803211,1.7225925678230194
390,0.0001,9.093656165835758e-05,0.00014181856159962354,0.952449799196787,1.6421189164540855
391,0.0001,8.87330739715253e-05,0.0001631778245511274,0.9439357429718875,1.9811729747128775
392,0.0001,9.063594055381448e-05,0.00011417254411435899,0.9614457831325299,1.5018752431295004
393,0.0001,9.181348456574293e-05,0.00010388155709054456,0.9649799196787147,1.4347145089183946
394,0.0001,8.874173236108617e-05,0.00019653592376509704,0.93285140562249,2.260845731252647
395,0.0001,8.988314087522061e-05,0.0001292211263081485,0.9477911646586344,1.697707268128912
396,0.0001,9.533111224300229e-05,0.00012070109453388905,0.961606425702811,1.6105489231017698
397,0.0001,9.114839473719863e-05,0.00010326925948464188,0.966425702811245,1.427305367768529
398,0.0001,9.009885482858711e-05,0.00019648601122183659,0.9248192771084339,2.2212507380060402
399,0.0001,8.968907338082014e-05,0.00011404234399115779,0.9577510040160642,1.5127988881375416
400,0.0001,8.779955842328491e-05,0.00011733379590196019,0.9555020080321281,1.5225062407642962
401,0.0001,9.170556404569652e-05,0.000146207551427006,0.9532530120481926,1.647160106107413
402,0.0001,9.29857587228374e-05,0.00011483067527402147,0.9611244979919675,1.5705642243465745
403,0.0001,9.418223756559503e-05,0.00012777489220796445,0.9542168674698793,1.6534114665295705
404,0.0001,9.35027957893908e-05,0.00010612052816235606,0.9627309236947788,1.445404986875603
405,0.0001,9.624529933110656e-05,0.00013300674281599203,0.9577510040160642,1.6709479015993784
406,0.0001,9.41821114489964e-05,0.00016160892692243075,0.9482730923694777,1.7070401323847024
407,0.0001,9.498272302153055e-05,0.00011978444824954607,0.9624096385542167,1.52465396990259
408,0.0001,9.012302477155269e-05,0.0006687325586744371,0.9012048192771084,4.838596366974245
409,0.0001,8.900412321963814e-05,0.00011462505025991115,0.9616064257028111,1.4712921441319478
410,0.0001,8.95066869513054e-05,0.00010850428521537771,0.9661044176706824,1.4691970242075174
411,0.0001,8.922458346205531e-05,0.00011691746350338526,0.9601606425702809,1.5538783168218222
412,0.0001,8.833319291928395e-05,9.772511157389528e-05,0.9683534136546185,1.4132723676152976
413,0.0001,9.16381029431553e-05,0.00015286576652938656,0.951164658634538,1.8066552044397377
414,0.0001,9.886723516198496e-05,0.00012726823228456259,0.9538955823293173,1.5834814129105534
415,0.0001,9.024875556254605e-05,0.00011940982977506223,0.9622489959839355,1.5177592266036803
416,0.0001,8.996079765590063e-05,0.00012209447348316435,0.9542168674698792,1.570201456690409
417,0.0001,9.032036105054431e-05,0.00011512879205093416,0.9632128514056226,1.464692901128746
418,0.0001,8.926170952084552e-05,0.00010710961002357169,0.966746987951807,1.445199329881783
419,0.0001,8.824860997265205e-05,0.00012243805254714182,0.9575903614457832,1.6803139359117991
420,0.0001,8.89988013417072e-05,0.00011593871013575559,0.9569477911646583,1.4730980324457927
421,0.0001,8.79785497697109e-05,0.00011742004184248711,0.9572690763052208,1.5066601859517845
422,0.0001,8.920929358282592e-05,0.0001071687165019383,0.9669076305220881,1.4701588665146426
423,0.0001,8.821821951035721e-05,0.00010420253404965961,0.9654618473895581,1.4654352552919503
424,0.0001,9.166191024026679e-05,0.00011687243872052844,0.963855421686747,1.5070365196251008
425,0.0001,9.204948134235261e-05,0.00013089559369872,0.9580722891566262,1.6148927372622202
426,0.0001,8.778952578722966e-05,0.00010389545700984098,0.961606425702811,1.4555438053177063
427,0.0001,8.721464716169673e-05,9.986679136321084e-05,0.9673895582329317,1.422207463218505
428,0.0001,8.629014191683382e-05,0.0001077690538361175,0.9643373493975901,1.5186522607343742
429,0.0001,8.989036008036541e-05,0.00014349614986757108,0.9458634538152613,1.7708849826491022
430,0.0001,9.219563835358713e-05,0.00012195845389127148,0.9579116465863452,1.5553240543388458
431,0.0001,8.844990297802724e-05,9.670706663255479e-05,0.9681927710843372,1.4114521721759474
432,0.0001,8.671790613637617e-05,0.00010930165611291641,0.9593574297188754,1.4851662035448006
433,0.0001,8.631958892995802e-05,0.0001020275864431758,0.9662650602409636,1.41797981032406
434,0.0001,9.101486236128646e-05,0.00014016538376622576,0.9450602409638554,1.7839880845632898
435,0.0001,9.660648441543648e-05,0.00042112718738828705,0.8854618473895581,4.465157515744129
436,0.0001,0.00010208054918621201,0.00016956435658839947,0.9463453815261041,1.7891750005354363
437,0.0001,9.405147405535293e-05,0.00011012767839907522,0.964819277108434,1.4668775897428215
438,0.0001,8.839710414273819e-05,0.00011917292624319264,0.9593574297188754,1.5685442404574659
439,0.0001,8.640226466620031e-05,0.0001036585532325174,0.9638554216867469,1.4641395700983255
440,0.0001,8.77952251660948e-05,0.00010972863066021398,0.9611244979919678,1.4774118282708777
441,0.0001,8.668378419921889e-05,0.00010074313161249486,0.9657831325301204,1.4132307302520937
442,0.0001,8.627090913554033e-05,0.00010363999403541885,0.9664257028112448,1.4721504521657185
443,0.0001,8.604340831273779e-05,0.0001317434141227235,0.9471485943775099,1.59337666810277
444,0.0001,8.617889349504064e-05,0.00011168796083811356,0.9582329317269077,1.4780126333236694
445,0.0001,8.931152697186918e-05,0.00012501009981181606,0.9595180722891566,1.6240312421178242
446,0.0001,8.725898333068471e-05,0.00016813655376871935,0.9445783132530119,1.8943348809897183
447,0.0001,8.75064837600803e-05,9.941495763886923e-05,0.9661044176706826,1.424845645226628
448,0.0001,8.445940547971987e-05,0.00011955494711916131,0.9572690763052208,1.563680050746504
449,0.0001,8.686935567917924e-05,0.0001321381985712011,0.9551807228915661,1.6785108704164804
450,0.0001,9.13470764013861e-05,0.00012988393999361264,0.957590361445783,1.5547062256250037
451,0.0001,9.23597336319896e-05,0.00011551755814285702,0.9614457831325299,1.5065873002431478
452,0.0001,9.272343547005827e-05,0.00011385762436365911,0.9616064257028112,1.541212147402476
453,0.0001,8.989718286708618e-05,0.00010699176354718069,0.9654618473895581,1.485967899805092
454,0.0001,8.642560327037548e-05,0.00010796321544751345,0.9643373493975903,1.4558975288666876
455,0.0001,8.687510453455615e-05,0.0001197861441262403,0.9574297188755019,1.5920292687703328
456,0.0001,8.918432674060265e-05,0.00010201081749983132,0.9627309236947792,1.4125675859221494
457,0.0001,9.37316825002199e-05,0.00011321061949318567,0.9608032128514054,1.5465271432715726
458,0.0001,8.956561117277791e-05,0.00010282983431867493,0.9670682730923694,1.4288079043468798
459,0.0001,8.814800615558246e-05,0.00013229987196237164,0.9543775100401605,1.5873395132731243
460,0.0001,8.358342298985614e-05,0.00010384116041283292,0.9624096385542169,1.4134509523230863
461,0.0001,8.846716118569021e-05,0.00011570615653952876,0.9628915662650599,1.590881307441068
462,0.0001,9.063915470809055e-05,0.00010947086995590971,0.9662650602409638,1.4327494799372662
463,0.0001,9.130475615772108e-05,0.0001497257715834484,0.9572690763052206,1.649965397421136
464,0.0001,9.219339590345043e-05,0.00021788235003386726,0.9238554216867472,2.642455781798765
465,0.0001,8.416933536257906e-05,0.00017278378223439296,0.952449799196787,1.757236640999116
466,0.0001,8.381845509575214e-05,0.00011636288720884371,0.9574297188755019,1.5221364868692604
467,0.0001,8.62151725110986e-05,0.00011993229332385607,0.9582329317269075,1.560514854810324
468,0.0001,8.530753645269821e-05,0.00010412213934658388,0.9670682730923693,1.4473443206534329
469,0.0001,8.581027553494399e-05,9.917681217993083e-05,0.9662650602409636,1.4145903432225606
470,0.0001,8.706634143891278e-05,0.00012636971018271497,0.9583935742971882,1.5950801418488285
471,0.0001,8.540718857451187e-05,0.0001111036415859855,0.9627309236947792,1.4808569451412523
472,0.0001,8.726582454983145e-05,0.00010295010060324413,0.9672289156626506,1.4427729936967413
473,0.0001,9.026548735467562e-05,0.00011414177936686944,0.9627309236947793,1.4684643791382572
474,0.0001,8.855699052219279e-05,0.0001028155973559829,0.9651405622489958,1.4431326788592052
475,0.0001,8.919269360679512e-05,0.00010730988957571337,0.9606425702811243,1.4768180671944675
476,0.0001,8.639925630025876e-05,0.00013779236472924295,0.9492369477911645,1.6463514330875442
477,0.0001,8.764557824179065e-05,0.00013874121359549462,0.9474698795180724,1.6478453989488533
478,0.0001,8.758700860198588e-05,0.00011350874310774527,0.9595180722891568,1.5482278904282902
479,0.0001,8.90834153930579e-05,9.576211050882127e-05,0.9685140562248998,1.3867195011621498
480,0.0001,8.392103700316511e-05,0.00012057223732454186,0.9579116465863453,1.5153099993625319
481,0.0001,8.39982711719737e-05,0.00010472067431210125,0.9670682730923693,1.4335977183767112
482,0.0001,8.636000778399951e-05,0.00020601387329943793,0.9354216867469879,2.3012331991310577
483,0.0001,8.961021170155921e-05,0.00011438854078689298,0.9619277108433735,1.5317728763603302
484,0.0001,9.302758432265061e-05,0.00016523568844703217,0.9465060240963857,1.9527261317494404
485,0.0001,8.988349533562238e-05,0.0001540448348997273,0.9460240963855421,1.9453758050160235
486,0.0001,8.557427439275974e-05,0.0001254037895705551,0.9640160642570281,1.4747515870864132
487,0.0001,8.681309943009789e-05,0.00011114054110535163,0.9601606425702809,1.470464864983616
488,0.0001,8.826402032961293e-05,9.995727724092732e-05,0.9644979919678712,1.4215290460241847
489,0.0001,8.397243588357621e-05,0.00010233600038322564,0.966265060240964,1.4054151991763746
490,0.0001,8.53770607742869e-05,9.885457248275494e-05,0.967550200803213,1.4069615300879421
491,0.0001,8.355587099989255e-05,9.937471435237002e-05,0.9665863453815262,1.4419186640934771
492,0.0001,8.418873979583925e-05,0.00010555995560211904,0.9627309236947791,1.444242716410074
493,0.0001,8.62668836513573e-05,0.0001273145610592833,0.9593574297188754,1.5570301538490388
494,0.0001,8.494727971992688e-05,0.00010747345955481371,0.9643373493975903,1.455873449451952
495,0.0001,8.708148458633028e-05,0.00012100315168892673,0.9543775100401605,1.52846120265593
496,0.0001,8.501410326668216e-05,0.00011003876998403436,0.9646586345381525,1.4792760518660029
497,0.0001,8.358505486588304e-05,0.00011066775243022445,0.9620883534136546,1.4645202898117433
498,0.0001,8.714247984850468e-05,0.00012167065161706722,0.9555020080321285,1.5694613847387842
499,0.0001,8.606361637551648e-05,0.00014724422460814647,0.9558232931726905,1.6570452445960906
500,0.0001,9.015141774095051e-05,0.00011570985630261207,0.9608032128514057,1.497649415142565
501,0.0001,8.958671575480064e-05,0.00011058021964454821,0.9622489959839355,1.4935009229614074
502,0.0001,8.632368486966394e-05,0.00010839769418957273,0.9612851405622489,1.451911357511957
503,0.0001,8.526427797429884e-05,0.00012181770545290222,0.9553413654618474,1.5435299379279814
504,0.0001,8.468486691223612e-05,0.00010041031858137617,0.9627309236947791,1.4451032540884363
505,0.0001,8.682501247676555e-05,0.00010722751739008509,0.9616064257028109,1.4756390804267792
506,0.0001,8.723671550493842e-05,0.00010846462041133992,0.9633734939759037,1.5150332712265382
507,0.0001,8.922754956680971e-05,0.00012133457723875945,0.9583935742971886,1.5455015044614493
508,0.0001,8.504089673806447e-05,0.0001404692456392706,0.9522891566265058,1.7245507050709552
509,0.0001,8.451297211043614e-05,0.00011090818096193519,0.964819277108434,1.4583392378795579
510,0.0001,8.400975699866346e-05,0.00011510600995816605,0.9593574297188756,1.5580400958118668
511,0.0001,8.392418749281205e-05,0.0001332882882926209,0.952771084337349,1.690326860152095
512,0.0001,8.247130457069336e-05,0.00012118461119650627,0.9543775100401605,1.5768570558134332
513,0.0001,8.447994271894761e-05,0.00012211478494124554,0.9644979919678716,1.489267822920558
514,0.0001,8.3939759254766e-05,9.611141015859657e-05,0.9678714859437751,1.3975621815187385
515,0.0001,8.230952589656226e-05,0.00011543046296658331,0.958714859437751,1.5109491733183344
516,0.0001,8.511529467796209e-05,0.0001072504397422771,0.9643373493975902,1.468260969311358
517,0.0001,8.329303151792071e-05,0.0001008313081012646,0.9643373493975903,1.4429863840700632
518,0.0001,8.385183579472748e-05,9.63115338123886e-05,0.966425702811245,1.4000302211347833
519,0.0001,8.47889958701368e-05,0.00011791701874617173,0.9625702811244978,1.5378051286720367
520,0.0001,8.424304008561498e-05,0.00010415523727452495,0.9662650602409636,1.445719771212842
521,0.0001,8.418220816868901e-05,9.859747753733859e-05,0.966425702811245,1.4227683073066804
522,0.0001,9.254056979746868e-05,0.0001344816903695913,0.9591967871485942,1.594806795522391
523,0.0001,8.810692549256297e-05,0.00015115253620287292,0.9545381526104415,1.6649342453623392
524,0.0001,8.289140848016056e-05,0.0001289345874557698,0.9545381526104415,1.573989424360804
525,0.0001,8.36067104197961e-05,0.0001784482471159581,0.938152610441767,2.048524142747902
526,0.0001,8.253527388054256e-05,0.00011092233376897287,0.9617670682730924,1.4882770251078778
527,0.0001,8.381258558074479e-05,0.00015392755428244955,0.9550200803212848,1.9108089366591121
528,0.0001,8.336420438960582e-05,0.00011107062528902911,0.9635341365461846,1.4800456032695541
529,0.0001,8.393373500439338e-05,0.00010696413817377873,0.9620883534136547,1.451247081124639
530,0.0001,8.384562188439304e-05,0.0001729126934085535,0.9415261044176705,2.1191269254109946
531,0.0001,8.61840457218932e-05,0.00012188253823263817,0.9609638554216865,1.4592235611145754
532,0.0001,8.597121486673132e-05,0.00010770241398902902,0.9662650602409637,1.4726800214813416
533,0.0001,8.689336712753478e-05,0.00010395907100531306,0.9657831325301206,1.4441287014857833
534,0.0001,8.297210042655934e-05,9.970793168127807e-05,0.9678714859437751,1.4148051101041128
535,0.0001,8.414305345165e-05,0.00011240657673537148,0.963052208835341,1.4365271617131061
536,0.0001,8.337098770425655e-05,0.00010204414767984593,0.9654618473895584,1.4202316657606378
537,0.0001,8.31830445046459e-05,9.783081535364962e-05,0.9662650602409636,1.4329860968762134
538,0.0001,8.47898421852733e-05,0.00025366367056898505,0.9119678714859437,2.961122597843768
539,0.0001,8.32658086437732e-05,9.571178157039615e-05,0.9667469879518072,1.4100269452635064
540,0.0001,8.512333612695025e-05,0.00011467265160838479,0.9587148594377507,1.5426235270787434
541,0.0001,8.400195123006901e-05,0.00013986900087631116,0.94859437751004,1.686636382700449
542,0.0001,8.494413262572683e-05,0.0001235539037509855,0.95855421686747,1.5745763031833142
543,0.0001,8.169606953742914e-05,0.00011164073145763208,0.9625702811244979,1.5332806308585478
544,0.0001,8.260835541780882e-05,9.650456833411906e-05,0.9681927710843375,1.4110740224999117
545,0.0001,8.393488387810066e-05,0.00010528542926809918,0.9627309236947791,1.4243575222520943
546,0.0001,8.630104469678676e-05,0.00013299157449566052,0.9550200803212849,1.586573479261743
547,0.0001,8.277191688345434e-05,9.879924589066756e-05,0.9648192771084335,1.4060445222509912
548,0.0001,8.13634044485904e-05,0.00010680838986664607,0.9628915662650601,1.4841410177299774
549,0.0001,8.232783632896219e-05,9.82132113709799e-05,0.9662650602409638,1.3891374702913215
550,0.0001,8.252035204350249e-05,0.00013690621862805124,0.9532530120481927,1.6786067411123988
551,0.0001,8.32234578410862e-05,0.00011529072902462703,0.9603212851405624,1.5330400248607958
552,0.0001,8.56350834510522e-05,0.00013103748412931853,0.9569477911646587,1.5979420190834137
553,0.0001,8.293187189944244e-05,0.0001090532338810546,0.9635341365461846,1.4453596169690053
554,0.0001,8.118131954688579e-05,0.00010579743500411825,0.966265060240964,1.45790053649121
555,0.0001,8.282806775241624e-05,0.00010054572613374049,0.964819277108434,1.433934762104448
556,0.0001,8.379192998593983e-05,0.00010155351357029594,0.9662650602409641,1.4337280336632785
557,0.0001,8.261761783311765e-05,0.0001590413498658552,0.9651405622489961,1.494936652930386
558,0.0001,8.004435324740674e-05,0.00011029343702129077,0.965140562248996,1.4476386906152747
559,0.0001,8.252440481252658e-05,0.0001214845836757267,0.9516465863453814,1.56345850272351
560,0.0001,8.066292260385428e-05,9.495916789333079e-05,0.9667469879518072,1.383744230327836
561,0.0001,8.544638033830173e-05,0.00015888673597694297,0.953895582329317,1.7413183252495454
562,0.0001,8.647763431023729e-05,0.00010633377273460424,0.9640160642570281,1.4840172302292054
563,0.0001,8.32947012289272e-05,0.0001041617007443614,0.9654618473895583,1.4315898553434625
564,0.0001,8.387182897422463e-05,0.00011461462274317191,0.954859437751004,1.5134846221969789
565,0.0001,8.152427362801973e-05,0.0001027518863185219,0.9657831325301205,1.4330587559435741
566,0.0001,8.172451452992391e-05,0.00010705764359143754,0.9601606425702811,1.473354167823332
567,0.0001,8.192479920883973e-05,9.459684868006551e-05,0.9693172690763053,1.393198429532798
568,0.0001,7.851770375661241e-05,0.00010410689032448636,0.9662650602409637,1.4367113788443875
569,0.0001,8.1349404596646e-05,0.00010521097974122378,0.965140562248996,1.4472970712615782
570,0.0001,8.048130827470838e-05,0.00010880016657265733,0.9608032128514056,1.494321694718786
571,0.0001,8.463100057269912e-05,0.00010390303592781076,0.9669076305220885,1.424149756259229
572,0.0001,8.141578485568365e-05,0.0001082894768206829,0.9643373493975903,1.4566757773778525
573,0.0001,8.29835572706846e-05,0.00011248338858159371,0.9619277108433734,1.5058877858770898
574,0.0001,8.135373773257015e-05,0.00011441475811347096,0.9624096385542167,1.4763790234025702
575,0.0001,8.344299155093419e-05,0.00010762871583188738,0.9649799196787147,1.445388004004237
576,0.0001,8.556355351174716e-05,9.942745031783335e-05,0.9659437751004016,1.421077322098146
577,0.0001,8.388791611650959e-05,9.915874050705727e-05,0.9670682730923694,1.4189650064491364
578,0.0001,8.321652737019273e-05,0.0001239992995853031,0.9561445783132531,1.6054420109254768
579,0.0001,8.247459275783816e-05,9.676439383246723e-05,0.9659437751004017,1.3973441623779665
580,0.0001,8.11776516760195e-05,9.48936117782134e-05,0.9680321285140564,1.402441149734589
581,0.0001,8.05662720570884e-05,9.859620051034894e-05,0.9657831325301206,1.422670532134642
582,0.0001,7.918647467401267e-05,9.554850757374507e-05,0.9661044176706824,1.4049840984574284
583,0.0001,8.133896299113985e-05,0.00010208094637021871,0.9622489959839357,1.416973828120404
584,0.0001,8.209526270851105e-05,0.00011278075447968061,0.9653012048192772,1.509221546046705
585,0.0001,8.370596297027077e-05,0.00010221363869299326,0.9640160642570281,1.4346199658979852
586,0.0001,7.85481453325095e-05,0.00010644684532371137,0.9619277108433737,1.455656109947756
587,0.0001,8.099771257548127e-05,0.00012244147140566395,0.9555020080321285,1.5615214818931489
588,0.0001,8.06150820911474e-05,9.89296412549868e-05,0.9651405622489961,1.4168440916452063
589,0.0001,8.100110183780392e-05,0.00010126460913753877,0.9659437751004015,1.4237250698618142
590,0.0001,8.002255896523517e-05,0.00010163075818697058,0.9653012048192771,1.4928198369152574
591,0.0001,7.756210167523629e-05,0.00010514873762317675,0.9670682730923695,1.4480568383113448
592,0.0001,8.181638022506377e-05,9.486806862608878e-05,0.9673895582329318,1.3870301620069756
593,0.0001,7.995931191544514e-05,9.869353294145338e-05,0.967550200803213,1.4204981151833591
594,0.0001,8.048210596219481e-05,9.64298362371018e-05,0.9649799196787147,1.3919262208134295
595,0.0001,7.914365154041056e-05,0.00010021130339781114,0.963855421686747,1.4252435643988919
596,0.0001,7.764600492616106e-05,9.929531885743006e-05,0.9673895582329318,1.4243001662104964
597,0.0001,7.997809304166973e-05,0.00010421542255825037,0.9651405622489961,1.4701680688972933
598,0.0001,7.914285888546146e-05,0.00010973870198814625,0.962570281124498,1.4408550095845418
599,0.0001,8.097644216225793e-05,9.80056164307935e-05,0.9675502008032131,1.4025595216865998
600,0.0001,8.12158121940835e-05,0.00010507161306856896,0.9680321285140562,1.4051643816821546
601,0.0001,7.962850553061192e-05,9.82604747819041e-05,0.9680321285140564,1.396034038497741
602,0.0001,8.150315146243277e-05,9.474642983292712e-05,0.9680321285140564,1.3964290343135237
603,0.0001,7.99578804920505e-05,0.00010826844134345561,0.9624096385542167,1.476415346616722
604,0.0001,7.902089898076762e-05,0.00010188693013771561,0.9649799196787149,1.4354759351316704
605,0.0001,8.000136513146572e-05,9.661798068414812e-05,0.967550200803213,1.406387667483594
606,0.0001,8.176250697336704e-05,0.00011705293643417353,0.960321285140562,1.5114065181778138
607,0.0001,8.074131510511506e-05,0.00011902629423757499,0.9599999999999996,1.5722281068204398
608,0.0001,8.136045544233639e-05,9.577235100715118e-05,0.9691566265060243,1.3937039452863027
609,0.0001,8.206567593636768e-05,0.00010374754738113114,0.9638554216867469,1.4302832767187832
610,0.0001,7.990425365278497e-05,0.00010054933393923903,0.9673895582329315,1.4255770240921573
611,0.0001,7.855895595033265e-05,9.433621651470571e-05,0.9675502008032127,1.4110236512609275
612,0.0001,7.889552440853246e-05,9.194172761705984e-05,0.9696385542168675,1.3730371443622083
613,0.0001,7.889392193950092e-05,0.00010278498573671937,0.9644979919678714,1.4413231143032212
614,0.0001,7.890583759338673e-05,9.570774269509073e-05,0.966425702811245,1.405026583499219
615,0.0001,7.808388684982977e-05,9.674166984216546e-05,0.9675502008032127,1.420118143472327
616,0.0001,7.758550982543966e-05,9.907038446869252e-05,0.9685140562248998,1.4007846257772791
617,0.0001,7.86361189360226e-05,9.893303123760004e-05,0.9635341365461846,1.4225412934659476
618,0.0001,8.224098558760792e-05,0.00010482148100420025,0.9627309236947791,1.4381058198859893
619,0.0001,7.955587965019125e-05,0.000101048918195484,0.9628915662650601,1.4310156928487572
620,0.0001,7.922689237602754e-05,0.0001047275650296753,0.9651405622489959,1.474118095133678
621,0.0001,8.18540432495259e-05,0.00012866708433188228,0.957590361445783,1.5906921892281038
622,0.0001,7.90893895100453e-05,0.00012016722196797246,0.9601606425702811,1.5366208943975976
623,0.0001,8.26635337944026e-05,0.0001045899075758924,0.9628915662650601,1.4547397800238735
624,0.0001,8.019944161787861e-05,9.945773721899815e-05,0.9656224899598396,1.434607110540551
625,0.0001,7.8762865086901e-05,9.653392371985254e-05,0.9659437751004015,1.4053874199648937
626,0.0001,7.854074428905732e-05,9.378036803212466e-05,0.9673895582329318,1.4165851015642466
627,0.0001,7.997315133252414e-05,9.88763651504821e-05,0.9670682730923695,1.4196848605052534
628,0.0001,7.878779548870322e-05,0.00010335423397349126,0.9625702811244979,1.4458662285862198
629,0.0001,7.95646134671794e-05,9.919325752725196e-05,0.9657831325301203,1.4303742739091436
630,0.0001,7.805649899334336e-05,9.493735185487712e-05,0.967710843373494,1.3859938394592468
631,0.0001,7.85278012699564e-05,9.459183072385165e-05,0.966746987951807,1.3847987821303218
632,0.0001,7.844119681976736e-05,0.0001024366430419284,0.9646586345381526,1.425046034318855
633,0.0001,7.851111204217886e-05,9.722731164544371e-05,0.9681927710843375,1.41397917845163
634,0.0001,7.78428361324283e-05,9.821822762654825e-05,0.9654618473895583,1.4303937122046229
635,0.0001,7.894951983568413e-05,9.888514021835121e-05,0.9649799196787151,1.4087585607206965
636,0.0001,7.810076125072859e-05,9.561822225805372e-05,0.968995983935743,1.3949405038213156
637,0.0001,7.586546234961133e-05,9.346019835365622e-05,0.9683534136546185,1.3862745129918477
638,0.0001,7.709719751195129e-05,9.952006838424692e-05,0.9632128514056225,1.4232459599713245
639,0.0001,7.90823432301598e-05,9.785832005134975e-05,0.9683534136546186,1.3848453935370388
640,0.0001,7.783811536986226e-05,9.805709165689277e-05,0.9683534136546185,1.4148064182465334
641,0.0001,7.839340366141792e-05,9.321522333025259e-05,0.968995983935743,1.3725914314568761
642,0.0001,7.797696537939677e-05,9.580835176166147e-05,0.967871485943775,1.391693759539041
643,0.0001,7.730758637383891e-05,9.636667107178616e-05,0.9672289156626506,1.3897526560059512
644,0.0001,8.31743904806596e-05,0.00010348202819172967,0.9657831325301205,1.4567814381725817
645,0.0001,8.100478031944172e-05,9.804408387519441e-05,0.9662650602409638,1.4103806512901582
646,0.0001,7.789146942135024e-05,0.00010036538156585387,0.965140562248996,1.4756848671350133
647,0.0001,7.91994130850071e-05,9.907779027146837e-05,0.9667469879518074,1.4103162030139602
648,0.0001,7.87321362925771e-05,0.00010065423007016575,0.9635341365461849,1.4264864878482129
649,0.0001,7.940625412932908e-05,9.59014583867133e-05,0.9662650602409638,1.3938059103058045
650,0.0001,7.696151351410663e-05,9.443556463152327e-05,0.9673895582329318,1.4042053472564882
651,0.0001,7.64830807990317e-05,9.529363412721397e-05,0.9686746987951808,1.3911575989550855
652,0.0001,7.78741501562763e-05,9.618037284200405e-05,0.9664257028112451,1.3983865542584155
653,0.0001,7.757632653616989e-05,9.748411683242274e-05,0.9664257028112451,1.4056662527911634
654,0.0001,7.572044305561575e-05,9.306634037127067e-05,0.9699598393574299,1.3748399955680572
655,0.0001,7.555993561254581e-05,0.0001083968843316592,0.9654618473895583,1.4261513494583498
656,0.0001,7.919131312519311e-05,9.746275448060807e-05,0.9649799196787149,1.4025493440857852
657,0.0001,7.886500516178785e-05,0.00010056133539463584,0.9694779116465863,1.4031272305063454
658,0.0001,7.632414744875859e-05,9.800568845400766e-05,0.9657831325301206,1.3978438038423837
659,0.0001,7.763964919528613e-05,9.632986514052062e-05,0.9641767068273093,1.4051260166857615
660,0.0001,7.801557985658292e-05,9.475124628894615e-05,0.9677108433734943,1.380408051789525
661,0.0001,7.73077757912688e-05,9.781334483266685e-05,0.9685140562248995,1.3817555148917509
662,0.0001,7.686144860296433e-05,9.337708899956084e-05,0.9689959839357429,1.3700840048043124
663,0.0001,7.703136852796889e-05,9.438082998680197e-05,0.9664257028112451,1.3900685778583388
664,0.0001,7.580306058419713e-05,9.32784212461437e-05,0.9667469879518072,1.3825178195195025
665,0.0001,7.747759749084555e-05,9.550888090273815e-05,0.9696385542168677,1.373147643617837
666,0.0001,7.834074846565878e-05,9.436102069252316e-05,0.9680321285140564,1.3928924175630133
667,0.0001,7.597269141115248e-05,9.982694174984964e-05,0.964016064257028,1.4178109148898757
668,0.0001,7.754597403012062e-05,9.922888601571882e-05,0.9685140562248998,1.408311762292701
669,0.0001,7.617940385292361e-05,9.833184159949916e-05,0.965140562248996,1.4174119291535343
670,0.0001,7.87720061756166e-05,9.627688223080912e-05,0.9657831325301205,1.3837161331291659
671,0.0001,7.623228405767198e-05,9.605184336633321e-05,0.9672289156626507,1.3863372466650354
672,0.0001,7.698029094171943e-05,9.48927713612779e-05,0.9689959839357429,1.382906815804631
673,0.0001,7.763597580681866e-05,9.47703718185335e-05,0.9680321285140563,1.3848133762198758
674,0.0001,7.656651032448281e-05,9.462028650317273e-05,0.9681927710843375,1.3997595617570073
675,0.0001,7.795811810259086e-05,9.54967789514641e-05,0.9653012048192771,1.3951211495571827
676,0.0001,7.626934523917347e-05,9.3275905518052e-05,0.9685140562248998,1.3872182159538728
677,0.0001,7.516691196845689e-05,9.363592608974888e-05,0.9680321285140564,1.3816482098705798
678,0.0001,7.79054348943949e-05,9.478024753716673e-05,0.9694779116465865,1.4012139087699982
679,0.0001,7.597858402732526e-05,9.423627801090816e-05,0.966586345381526,1.3758856066738268
680,0.0001,7.465234981888595e-05,9.659223671559335e-05,0.9654618473895584,1.386569741835077
681,0.0001,7.66960823360326e-05,9.533008495668308e-05,0.9670682730923694,1.3918502684099128
682,0.0001,7.668548023502808e-05,9.964972500218056e-05,0.9675502008032132,1.4255140973860958
683,0.0001,7.612170914702195e-05,9.222998995970688e-05,0.9683534136546186,1.390565854095551
684,0.0001,7.452768471315115e-05,9.289281602306516e-05,0.9688353413654621,1.3756675157202296
685,0.0001,7.578766120180565e-05,9.389496923856303e-05,0.9669076305220883,1.3919109732271677
686,0.0001,7.759266924646605e-05,0.00010291907011674358,0.9644979919678714,1.4401212669280639
687,0.0001,7.573269128139752e-05,9.383801940663055e-05,0.9681927710843375,1.378946581806045
688,0.0001,7.455640497937566e-05,9.542300849058945e-05,0.9649799196787148,1.3858227905020657
689,0.0001,7.404525410189914e-05,9.657199021515784e-05,0.9677108433734939,1.3690713103995267
690,0.0001,7.423473198286956e-05,9.837520195883754e-05,0.9649799196787148,1.4127406775233258
691,0.0001,7.732765679975273e-05,9.410425761843616e-05,0.9673895582329317,1.364116912864777
692,0.0001,7.720707393067035e-05,0.00010234512657303004,0.9636947791164658,1.4289128556308976
693,0.0001,7.753643561348629e-05,9.64029589022723e-05,0.9661044176706829,1.395733755467886
694,0.0001,7.708260291110492e-05,9.522515374336796e-05,0.9675502008032126,1.4084042827767063
695,0.0001,7.535625069673793e-05,9.554638501035095e-05,0.9707630522088355,1.3891104778611516
696,0.0001,7.704734155898526e-05,9.708838277504812e-05,0.9659437751004015,1.399542080350669
697,0.0001,7.526124354626518e-05,9.633525543290763e-05,0.9694779116465865,1.3831203196422164
698,0.0001,7.455749067351766e-05,9.700465289572905e-05,0.9646586345381527,1.4174736476806273
699,0.0001,7.708177630168696e-05,9.564205568286601e-05,0.9659437751004017,1.3983744718942297
700,0.0001,7.674415731647362e-05,9.858784625581634e-05,0.9669076305220885,1.4079876664173172
701,0.0001,7.778914005029947e-05,9.699157161809257e-05,0.9664257028112451,1.3948400210185223
702,0.0001,7.6232509672991e-05,9.350069601815306e-05,0.9686746987951808,1.3860133590468442
703,0.0001,7.483876464296676e-05,9.245987324442445e-05,0.9669076305220883,1.3901742886347943
704,0.0001,7.464075933967251e-05,9.824189333615444e-05,0.9640160642570281,1.4143056056585657
705,0.0001,7.467812544443101e-05,9.43506268029808e-05,0.9693172690763054,1.3830844273050147
706,0.0001,7.520356254341702e-05,9.398932760884334e-05,0.9662650602409638,1.3792835005794664
707,0.0001,7.639964781750072e-05,9.884971927876685e-05,0.9670682730923695,1.3966210233159813
708,0.0001,7.514590949237269e-05,9.286149639176227e-05,0.9688353413654618,1.3670429792748877
709,0.0001,7.429943282962388e-05,9.419399181083519e-05,0.9688353413654618,1.3760513535465102
710,0.0001,7.486012236768147e-05,9.795159474225626e-05,0.9664257028112451,1.4077343515602938
711,0.0001,7.618181358945245e-05,9.457926079700982e-05,0.9646586345381526,1.3869631235858044
712,0.0001,7.331304089651288e-05,9.599591937429462e-05,0.9657831325301203,1.376164912890239
713,0.0001,7.513624647496424e-05,9.571076454931354e-05,0.9693172690763056,1.3853012553180557
714,0.0001,7.556448660276753e-05,9.560609935552825e-05,0.9661044176706831,1.3935261870005045
715,0.0001,7.441426860168576e-05,9.122117771767079e-05,0.9681927710843372,1.3722525338092482
716,0.0001,7.289228760782862e-05,9.421792005101802e-05,0.9688353413654617,1.3732567112129854
717,0.0001,7.467943687515799e-05,9.514904848905841e-05,0.9680321285140564,1.389789101589157
718,0.0001,7.423866221264082e-05,9.150074721953596e-05,0.9680321285140563,1.375040211160499
719,0.0001,7.341815022906909e-05,0.00010196730090902714,0.9653012048192773,1.4084973711565316
720,0.0001,7.397466633847216e-05,9.859286210813885e-05,0.9659437751004017,1.4062049834125012
721,0.0001,7.361223658032637e-05,9.674274002156972e-05,0.9672289156626507,1.4231281582131443
722,0.0001,7.405181853149164e-05,9.369916773151539e-05,0.9696385542168674,1.382191692777427
723,0.0001,7.543633358485143e-05,0.00010032521919150983,0.9670682730923698,1.4059120646442276
724,0.0001,7.49328609041792e-05,9.664389734711857e-05,0.9678714859437754,1.4163387545620103
725,0.0001,7.286057849948217e-05,9.55823433889828e-05,0.967550200803213,1.398467301747885
726,0.0001,7.455873528670054e-05,9.385257723028715e-05,0.9673895582329318,1.3735911682427648
727,0.0001,7.451460739199926e-05,9.467430031964981e-05,0.9673895582329315,1.3810221175113355
728,0.0001,7.298113268916495e-05,9.612418295316263e-05,0.9675502008032131,1.3840473017060613
729,0.0001,7.301751757040619e-05,9.418746510153098e-05,0.9685140562248997,1.370253687307059
730,0.0001,7.29274363645042e-05,9.420954800107101e-05,0.967871485943775,1.3795014410133821
731,0.0001,7.309908275298464e-05,9.236453174324481e-05,0.9688353413654621,1.372129311906286
732,0.0001,7.351942804234568e-05,9.333775994151898e-05,0.968995983935743,1.3689234138971351
733,0.0001,7.361790794675471e-05,9.585021583346583e-05,0.9691566265060245,1.3897982166474123
734,0.0001,7.382376285628804e-05,9.526337203443477e-05,0.9670682730923698,1.4024976009345917
735,0.0001,7.237653353513452e-05,9.624439888459866e-05,0.9678714859437753,1.414952636052327
736,0.0001,7.305199718151319e-05,9.324554775081329e-05,0.967710843373494,1.3876931153148053
737,0.0001,7.312681542922897e-05,9.434147527881797e-05,0.9672289156626508,1.3830890161445342
738,0.0001,7.479163966005823e-05,9.931352794947417e-05,0.9624096385542166,1.4477642309234804
739,0.0001,7.526212193624815e-05,9.749630528869647e-05,0.9656224899598396,1.397033108573362
740,0.0001,7.357604166221184e-05,9.565542081051158e-05,0.9657831325301208,1.3883263131222092
741,0.0001,7.282873514971774e-05,9.470740114044152e-05,0.9683534136546189,1.3890610016972185
742,0.0001,7.375389413937228e-05,9.22885361367399e-05,0.9664257028112453,1.3850669297827296
743,0.0001,7.324775148542055e-05,9.296542539889644e-05,0.9649799196787151,1.3815030054873731
744,0.0001,7.3026895915973e-05,9.536351152998676e-05,0.9653012048192772,1.3883216740137123
745,0.0001,7.31501505773243e-05,9.58750534806883e-05,0.9653012048192773,1.4017135160515106
746,0.0001,7.204943115842373e-05,9.487485579714314e-05,0.9648192771084341,1.3912556622401777
747,0.0001,7.269985059489651e-05,9.385126277156376e-05,0.9670682730923694,1.3753605710454735
748,0.0001,7.513828368246322e-05,0.00010026787880721154,0.9654618473895581,1.414772537817438
749,0.0001,7.215031479669657e-05,9.377233647946156e-05,0.9680321285140562,1.394182968714151
750,0.0001,7.217336309016295e-05,9.377704418182979e-05,0.9659437751004017,1.3877514270414788
751,0.0001,7.458291875082069e-05,9.350526845783938e-05,0.9665863453815263,1.3864366166562918
752,0.0001,7.167026997194626e-05,9.555132580634925e-05,0.967550200803213,1.3850794611206974
753,0.0001,7.239750060155833e-05,9.350494943777974e-05,0.965140562248996,1.3831440781972495
754,0.0001,7.283490194822661e-05,9.868207481599985e-05,0.9653012048192772,1.401210812488234
755,0.0001,7.367968349475026e-05,9.518046914221136e-05,0.9665863453815261,1.3920915256063622
756,0.0001,7.220297011372168e-05,9.275031479774042e-05,0.9683534136546186,1.3819670513451818
757,0.0001,7.370540867365586e-05,9.515917911166214e-05,0.966104417670683,1.4051315227186822
758,0.0001,7.10564318675703e-05,9.379857410859115e-05,0.9686746987951809,1.3895910556057849
759,0.0001,7.222038493637228e-05,9.410790136541206e-05,0.9675502008032131,1.4021624860993351
760,0.0001,7.043157044487695e-05,9.348944551171174e-05,0.9691566265060243,1.3736206511417066
761,0.0001,7.272607423753167e-05,9.665621270310605e-05,0.9651405622489959,1.4070713304611573
762,0.0001,7.367889987411521e-05,9.417210983291986e-05,0.966586345381526,1.3894150056034686
763,0.0001,7.213504413812188e-05,9.604947292947221e-05,0.9673895582329317,1.3866945585572577
764,0.0001,7.222340142713317e-05,9.276326421398602e-05,0.9669076305220886,1.3850413948656566
765,0.0001,7.173014291765867e-05,9.565621936000906e-05,0.9691566265060242,1.3785127386989364
766,0.0001,7.206362358071298e-05,9.287790460540093e-05,0.9669076305220885,1.384874526276646
767,0.0001,7.43430299432172e-05,9.585461729691443e-05,0.9672289156626507,1.3841899906296329
768,0.0001,7.386560409941011e-05,9.64338120131989e-05,0.9677108433734943,1.3820065667830317
769,0.0001,7.285613301064587e-05,9.313624175840495e-05,0.9681927710843375,1.3737534350659475
770,0.0001,7.056317044771277e-05,9.714910153549232e-05,0.9669076305220885,1.4204085384506777
771,0.0001,6.990374222368701e-05,9.344138467336544e-05,0.9680321285140564,1.387201327875436
772,0.0001,7.19459604927882e-05,9.69390761800088e-05,0.9651405622489959,1.3881584592612393
773,0.0001,7.204146131698508e-05,9.174475939705946e-05,0.9685140562248996,1.372398230253932
774,0.0001,7.303379231113164e-05,9.320514081663126e-05,0.9669076305220883,1.374141679327172
775,0.0001,7.192574412329122e-05,9.422007704810072e-05,0.966265060240964,1.3892793557730065
776,0.0001,7.281297494046157e-05,9.296760869462111e-05,0.9675502008032131,1.391162318781198
777,0.0001,7.127564695110777e-05,9.311076240678576e-05,0.9683534136546186,1.38961494715817
778,0.0001,7.13796626466016e-05,9.195778944251879e-05,0.966425702811245,1.3803256391042686
779,0.0001,7.146978702318544e-05,9.173691789591573e-05,0.9685140562248998,1.3779260847941939
780,0.0001,7.102238699493076e-05,9.28447399841038e-05,0.968835341365462,1.3798453190240516
781,0.0001,7.10391820272586e-05,9.325663576671202e-05,0.9678714859437751,1.3958414169679205
782,0.0001,7.171997610081841e-05,9.415227238156171e-05,0.9675502008032127,1.3903354748185859
783,0.0001,7.190482768540582e-05,9.263010370525453e-05,0.9688353413654618,1.3879547147865754
784,0.0001,7.147001482129174e-05,9.365730385256774e-05,0.9681927710843373,1.388031674005899
785,0.0001,7.134200586733641e-05,9.290912935120356e-05,0.967389558232932,1.3836307830121144
786,0.0001,7.143105364472527e-05,9.109148344008184e-05,0.968995983935743,1.3896073789481658
787,0.0001,7.109322262598047e-05,9.553926046278485e-05,0.9654618473895584,1.4169458070433283
788,0.0001,7.107104095969893e-05,9.473414207298129e-05,0.9675502008032131,1.3974091038646468
789,0.0001,7.07398204516115e-05,9.73364383161786e-05,0.9651405622489956,1.3961872031889766
790,0.0001,7.167917028709781e-05,9.238748591679361e-05,0.9685140562248997,1.3835626694093268
791,0.0001,7.058655452662303e-05,9.396663657950619e-05,0.9691566265060241,1.3790817783539553
792,0.0001,7.201170531819419e-05,9.252130592533623e-05,0.9683534136546185,1.3796952328049994
793,0.0001,7.019661964780728e-05,9.189712177156976e-05,0.9667469879518074,1.3721198903508933
794,0.0001,7.128373387483104e-05,9.197531792570848e-05,0.9699598393574298,1.3824451705059373
795,0.0001,6.978747587709222e-05,9.42285426861483e-05,0.966586345381526,1.3897119433046823
796,0.0001,7.033491547190352e-05,9.123290172239473e-05,0.9697991967871485,1.3760950815246766
797,0.0001,7.086087152856635e-05,9.46401265843951e-05,0.9672289156626506,1.3979211927896522
798,0.0001,7.017073912720661e-05,9.378538742599763e-05,0.9664257028112448,1.3925230138273124
799,0.0001,7.061448601840918e-05,9.226752608153318e-05,0.9665863453815263,1.3820063203214163
800,0.0001,6.913043343956816e-05,9.28827735184445e-05,0.9678714859437751,1.3803383703691414
801,0.0001,7.045676235672242e-05,9.30469581669376e-05,0.9672289156626507,1.382403884163822
802,0.0001,7.007969858629319e-05,9.288493777395238e-05,0.9675502008032131,1.3806600527591015
803,0.0001,7.23832416042569e-05,9.283648882024775e-05,0.9675502008032131,1.3815127102725477
804,0.0001,7.004627089675826e-05,9.379248511388404e-05,0.9675502008032126,1.401746881151774
805,0.0001,7.111717422958463e-05,9.281306689905272e-05,0.9657831325301208,1.3911388661487993
806,0.0001,7.120839024234252e-05,9.536182652339788e-05,0.967710843373494,1.4114930379821593
807,0.0001,7.053896412495912e-05,9.242835684668228e-05,0.9670682730923695,1.3863352568752794
808,0.0001,6.956980972366485e-05,9.296070118098104e-05,0.9680321285140565,1.3800446992897126
809,0.0001,7.014565283801252e-05,9.342959630709837e-05,0.9672289156626506,1.3900713176612394
810,0.0001,7.129667701519793e-05,9.377489838796859e-05,0.967550200803213,1.3774988944271962
811,0.0001,6.896642632151877e-05,9.467876472451489e-05,0.9664257028112453,1.4094778833619084
812,0.0001,7.042045199341373e-05,9.287470961845177e-05,0.967710843373494,1.3784215840948633
813,0.0001,6.900134018602936e-05,9.198014072846643e-05,0.9688353413654621,1.3893879657768342
814,0.0001,6.93617597183523e-05,9.132332229181698e-05,0.9672289156626508,1.3827509647392364
815,0.0001,6.888480553849756e-05,9.175671530320837e-05,0.9670682730923694,1.3880228479224515
816,0.0001,6.975958312978036e-05,9.554833915724183e-05,0.9656224899598393,1.407283820876156
817,0.0001,7.036658935248852e-05,9.154020342274558e-05,0.9694779116465865,1.3775282187634204
818,0.0001,6.980757316341624e-05,9.421822501007042e-05,0.967710843373494,1.39068969617407
819,0.0001,6.975695966199661e-05,9.280786571143397e-05,0.9693172690763053,1.3708231193473541
820,0.0001,7.081686599121894e-05,9.437770854838821e-05,0.9661044176706826,1.3904749913387988
821,0.0001,6.919773726015895e-05,9.11529925974445e-05,0.9704417670682732,1.3756316782480262
822,0.0001,6.926166006451239e-05,9.267352367484807e-05,0.9670682730923694,1.3785724941506443
823,0.0001,6.948787140572676e-05,9.154930098209508e-05,0.9696385542168674,1.3757147596543093
824,0.0001,7.101073442754569e-05,9.272081329675212e-05,0.9659437751004017,1.383426189135356
825,0.0001,6.99192226723729e-05,9.231729387706819e-05,0.9680321285140565,1.3683159035372447
826,0.0001,6.957741018898863e-05,9.304324492141717e-05,0.9656224899598393,1.3804778762610561
827,0.0001,7.027440127179337e-05,9.240254367763423e-05,0.9670682730923698,1.3809749212609717
828,0.0001,6.99453312336118e-05,9.232546875733007e-05,0.9673895582329318,1.3760662931993783
829,0.0001,6.998761297533444e-05,9.242412891920589e-05,0.9669076305220886,1.3745034025376102
830,0.0001,6.868241453048541e-05,9.458854486632823e-05,0.9680321285140563,1.3880704733262579
831,0.0001,7.04291726530452e-05,9.334921147477959e-05,0.968995983935743,1.3836593972631248
832,0.0001,6.998197610907179e-05,9.244603668732276e-05,0.9704417670682731,1.3700628036476044
833,0.0001,6.959757605121316e-05,9.323871052467702e-05,0.9667469879518074,1.384816284064787
834,0.0001,6.988152969521859e-05,9.24037763651135e-05,0.966746987951807,1.3781810645597528
835,0.0001,6.903182638779981e-05,9.455357738546129e-05,0.9659437751004015,1.391341692568308
836,0.0001,7.055558168455415e-05,9.297069967920746e-05,0.9673895582329318,1.3817572059401546
837,0.0001,6.922318116266978e-05,9.513621955565793e-05,0.966265060240964,1.398413912933993
838,0.0001,6.992614520034598e-05,9.269782902002447e-05,0.9689959839357429,1.3821569054959768
839,0.0001,7.01060672023838e-05,9.199384544170967e-05,0.9673895582329318,1.384032223023564
840,0.0001,7.003311948210467e-05,9.107879033040099e-05,0.9675502008032131,1.3736434884818203
841,0.0001,6.977920153682741e-05,9.192283516357013e-05,0.9673895582329317,1.3839667050235243
842,0.0001,6.907302795298165e-05,9.430518658924286e-05,0.9685140562248996,1.389442599537861
843,0.0001,6.948169763442517e-05,9.155015942236656e-05,0.9678714859437751,1.375994088276323
844,0.0001,6.972756558146406e-05,9.263357563443616e-05,0.9677108433734938,1.3855083985501024
845,0.0001,6.872408072619388e-05,9.273652386001636e-05,0.9688353413654618,1.3889476250453168
846,0.0001,6.840328514954309e-05,9.16536125468079e-05,0.9681927710843372,1.3738590358251548
847,0.0001,6.896944056885937e-05,9.151294361799955e-05,0.9683534136546185,1.3739506207316754
848,0.0001,6.931885515465789e-05,9.119388652987867e-05,0.968835341365462,1.3747693630586189
849,0.0001,6.925118341314374e-05,9.311002637792648e-05,0.9669076305220883,1.3842312278517757
850,0.0001,6.936270577474109e-05,9.201931685113898e-05,0.967710843373494,1.374128339951297
851,0.0001,6.94516359847815e-05,9.194896654618613e-05,0.9683534136546184,1.3678206552942116
852,0.0001,6.945833483769092e-05,9.444828200608447e-05,0.9665863453815262,1.4017554211329264
853,0.0001,6.710445995850023e-05,9.157254796472367e-05,0.968835341365462,1.3760618224201433
854,0.0001,6.937208472663769e-05,9.173277619292017e-05,0.967550200803213,1.3761979502367685
855,0.0001,6.989162927008389e-05,9.279098014237853e-05,0.9673895582329319,1.3790099152599473
856,0.0001,6.946327739569824e-05,9.417145916945245e-05,0.9657831325301204,1.392615146234811
857,0.0001,6.967837083114622e-05,9.231306929828554e-05,0.9670682730923698,1.378773663991905
858,0.0001,6.835346818358327e-05,9.23214185736086e-05,0.966265060240964,1.3831297739442572
859,0.0001,6.847649140884944e-05,9.27105783036046e-05,0.9669076305220886,1.3722808705755027
860,0.0001,6.837797833820029e-05,9.158871111008395e-05,0.9677108433734939,1.3786379052932003
861,0.0001,6.827567243211282e-05,9.254965775489178e-05,0.9654618473895584,1.3837234844644386
862,0.0001,6.806774278326581e-05,9.268039522947834e-05,0.966746987951807,1.3879869639155376
863,0.0001,6.819485273202493e-05,9.309424440508305e-05,0.9662650602409638,1.3879306971308696
864,0.0001,6.759380800455498e-05,9.158657585321196e-05,0.967871485943775,1.370431728822639
865,0.0001,6.91724922338229e-05,9.201825656002409e-05,0.968835341365462,1.3760094590933927
866,0.0001,6.976811455388088e-05,9.176616205592607e-05,0.9686746987951808,1.370379755295903
867,0.0001,6.782322392003455e-05,9.255179248579093e-05,0.9691566265060243,1.386176216745951
868,0.0001,6.839806865173159e-05,9.250921403767585e-05,0.9665863453815261,1.380515270635306
869,0.0001,7.007418098510243e-05,9.141315882099814e-05,0.9699598393574298,1.3631719721368996
870,0.0001,6.758281154664777e-05,9.266592128095722e-05,0.9665863453815262,1.3800685784902917
871,0.0001,6.891479964300136e-05,9.335930685720306e-05,0.9677108433734943,1.3744864544236517
872,0.0001,7.016042248627248e-05,9.113787682179967e-05,0.9689959839357429,1.3638698118278778
873,0.0001,6.90072061236909e-05,9.192291062314019e-05,0.9673895582329317,1.38396545576762
874,0.0001,6.864581991976593e-05,9.233114447764469e-05,0.9694779116465863,1.3719468849251069
875,0.0001,6.863796685744698e-05,9.251876021679266e-05,0.968835341365462,1.3813778271158057
876,0.0001,6.694410276395502e-05,9.174273906525292e-05,0.9677108433734939,1.3755917215921794
877,0.0001,6.840196171348604e-05,9.16065102062996e-05,0.9685140562248996,1.3750716467937791
878,0.0001,6.92985921583992e-05,9.183077792446297e-05,0.9693172690763053,1.3782614256962236
879,0.0001,6.861110014142469e-05,9.190465896236093e-05,0.969156626506024,1.3785010866371983
880,0.0001,6.808116177126067e-05,9.20013835441871e-05,0.9683534136546186,1.3754440767219267
881,0.0001,6.812311227501292e-05,9.231806909090401e-05,0.9670682730923695,1.3823153254497482
882,0.0001,6.852630807164435e-05,9.154172385243295e-05,0.9693172690763052,1.3653905067099146
883,0.0001,6.75092265131146e-05,9.170043024834785e-05,0.9694779116465863,1.3707011837557137
884,0.0001,6.741445370911e-05,9.145193669456898e-05,0.9680321285140562,1.370618875055428
885,0.0001,6.881283461552812e-05,9.276926100565435e-05,0.9686746987951808,1.3793345339326974
886,0.0001,6.700414111643719e-05,9.255690287296514e-05,0.9688353413654618,1.3686210014733924
887,0.0001,6.738716116766833e-05,9.229831907376423e-05,0.9688353413654618,1.3732896060828703
888,0.0001,6.818665606260766e-05,9.385469309629379e-05,0.9693172690763053,1.3762250670467515
889,0.0001,6.592762814155625e-05,9.232553019095773e-05,0.9683534136546185,1.3749916306461196
890,0.0001,6.754539238803166e-05,9.215194447925427e-05,0.9686746987951808,1.3749297368957336
891,0.0001,6.689295575294334e-05,9.138686526342328e-05,0.968835341365462,1.3691789380039077
892,0.0001,6.834535688540199e-05,9.161594221424536e-05,0.9678714859437753,1.373301937206682
893,0.0001,6.725379013611625e-05,9.211274887805423e-05,0.9689959839357429,1.38099655329463
894,0.0001,6.794233747010973e-05,9.164171248144212e-05,0.9686746987951808,1.3738365765077523
895,0.0001,6.728472205092354e-05,9.202929988576391e-05,0.9685140562248994,1.3747493043003312
896,0.0001,6.788690910373892e-05,9.325723853158618e-05,0.966586345381526,1.3853528238204589
897,0.0001,6.82339194099768e-05,9.197458668320204e-05,0.9686746987951808,1.375772066575935
898,0.0001,6.866657252733906e-05,9.158409149063393e-05,0.9694779116465865,1.372315282994006
899,0.0001,6.767694988714841e-05,9.218964203967747e-05,0.967871485943775,1.3771539642150143
900,0.0001,6.809608803450828e-05,9.204778513108122e-05,0.968995983935743,1.3763848827545901
901,0.0001,6.60551613085166e-05,9.194545173268563e-05,0.9670682730923695,1.3850364156516202
902,0.0001,6.724428112647729e-05,9.196435012966844e-05,0.9672289156626507,1.3846990861088397
903,0.0001,6.693608150574922e-05,9.258130322636879e-05,0.9681927710843373,1.3851793286312057
904,0.0001,6.72479459050616e-05,9.15367987479577e-05,0.9686746987951808,1.373567340172917
905,0.0001,6.651673696372503e-05,9.159809474606089e-05,0.9683534136546184,1.376902007482138
906,0.0001,6.770298532501328e-05,9.20669272814103e-05,0.9673895582329317,1.3774052246507391
907,0.0001,6.683192235262444e-05,9.24572012498021e-05,0.9675502008032127,1.386645387166954
908,0.0001,6.890951220460314e-05,9.211228591676084e-05,0.9685140562248995,1.3764438583190182
909,0.0001,6.719206673248361e-05,9.283428397716909e-05,0.9677108433734942,1.3939080416438092
910,0.0001,6.784893776057288e-05,9.193705405032891e-05,0.9672289156626508,1.3783228788031152
911,0.0001,6.72472694835354e-05,9.247354801228068e-05,0.9678714859437753,1.384002458618348
912,0.0001,6.753211030930591e-05,9.264258772319923e-05,0.9681927710843373,1.3886251248509052
913,0.0001,6.866030519934915e-05,9.203448243641171e-05,0.9662650602409637,1.3835999259029526
914,0.0001,6.734006613745199e-05,9.255239223508747e-05,0.9685140562248995,1.3839519506477447
915,0.0001,6.832235570376118e-05,9.173624777145325e-05,0.9681927710843375,1.3771173195666577
916,0.0001,6.73098243472244e-05,9.199800204726901e-05,0.9667469879518074,1.381815368008901
917,0.0001,6.715838080708635e-05,9.249519132125382e-05,0.9667469879518074,1.3799588008099293
918,0.0001,6.845251342989893e-05,9.20296973108415e-05,0.9675502008032131,1.3865690728267992
919,0.0001,6.657422066685588e-05,9.159402687211959e-05,0.9681927710843375,1.3719027450285761
920,0.0001,6.864231575794595e-05,9.182649834645373e-05,0.9670682730923695,1.3749977786856962
921,0.0001,6.592525781646448e-05,9.22470073901532e-05,0.9683534136546185,1.3783544755843748
922,0.0001,6.709649654415747e-05,9.18311714924064e-05,0.968835341365462,1.3810016224183232
923,0.0001,6.751879300281871e-05,9.209134653477133e-05,0.9672289156626506,1.37443075467305
924,0.0001,6.776390285570718e-05,9.20505519936714e-05,0.9686746987951808,1.3820365799478738
925,0.0001,6.72268250734002e-05,9.359088074135404e-05,0.9665863453815263,1.403148972844503
926,0.0001,6.690056646524075e-05,9.142606023345592e-05,0.967710843373494,1.373142723290317
927,0.0001,6.609873732183284e-05,9.208579238431236e-05,0.9683534136546185,1.3784546116748488
928,0.0001,6.665733508270932e-05,9.220556763817097e-05,0.9667469879518072,1.3789249379950834
929,0.0001,6.77095265321744e-05,9.180484721801771e-05,0.9677108433734939,1.379687632135598
930,0.0001,6.726303787824387e-05,9.178218811523191e-05,0.9681927710843373,1.3792419333055794
931,0.0001,6.656321123349092e-05,9.198023045943287e-05,0.9675502008032127,1.382081163647663
932,0.0001,6.658345664618537e-05,9.183642319095018e-05,0.9672289156626506,1.384274549943855
933,0.0001,6.73783190601777e-05,9.219785407115425e-05,0.9672289156626507,1.376043428570391
934,0.0001,6.696662682467528e-05,9.186181302199208e-05,0.9670682730923694,1.3836106854749013
935,0.0001,6.642465244415992e-05,9.21455756669965e-05,0.9672289156626507,1.3783696194729174
936,0.0001,6.769906061284321e-05,9.22770962625439e-05,0.9661044176706828,1.376850962638855
937,0.0001,6.642094370666504e-05,9.19328710935303e-05,0.9672289156626506,1.3807507161634514
938,0.0001,6.812991293069596e-05,9.185227352273033e-05,0.9680321285140564,1.374352104692574
939,0.0001,6.68519240207388e-05,9.135189078711759e-05,0.9680321285140563,1.3838363986417472
940,0.0001,6.696435369425065e-05,9.188091849448181e-05,0.9670682730923694,1.3803778476025685
941,0.0001,6.72287884299294e-05,9.197858642612819e-05,0.9677108433734942,1.3771974850849933
942,0.0001,6.753226516593713e-05,9.155757981212249e-05,0.9693172690763053,1.37042949084776
943,0.0001,6.587746975128539e-05,9.170345585451024e-05,0.967550200803213,1.3745937399117343
944,0.0001,6.697479845267178e-05,9.186656434504113e-05,0.9677108433734942,1.3754871687257146
945,0.0001,6.734914865470879e-05,9.174879236393665e-05,0.9673895582329317,1.3765273648572256
946,0.0001,6.674337631314604e-05,9.2029793230755e-05,0.9672289156626507,1.3774878266346025
947,0.0001,6.653664501451809e-05,9.19469029969446e-05,0.9680321285140563,1.377841664509601
948,0.0001,6.648407403796834e-05,9.1706483196383e-05,0.9672289156626507,1.378071409248444
949,0.0001,6.80469964815226e-05,9.195852775059372e-05,0.967550200803213,1.3797434752245983
950,0.0001,6.677499992899053e-05,9.117238433941839e-05,0.9681927710843372,1.3734002814235458
951,0.0001,6.67370776985384e-05,9.208984640763557e-05,0.9667469879518072,1.3801682928958572
952,0.0001,6.676094326394378e-05,9.17681081554325e-05,0.9683534136546185,1.3731916588473032
953,0.0001,6.68725017021643e-05,9.112615183525977e-05,0.9688353413654618,1.3727367036313896
954,0.0001,6.704366878693691e-05,9.168568977185648e-05,0.9675502008032127,1.3746215662324286
955,0.0001,6.73756072501419e-05,9.19165515063151e-05,0.9678714859437753,1.375353104235178
956,0.0001,6.679646539851092e-05,9.208528636337584e-05,0.9661044176706828,1.3774228397622166
957,0.0001,6.72431941590427e-05,9.15516106690931e-05,0.9669076305220885,1.3750133594834661
958,0.0001,6.64934015730978e-05,9.164463373459314e-05,0.9677108433734939,1.3789447999862303
959,0.0001,6.660360183256368e-05,9.167033076883822e-05,0.9688353413654618,1.3798739628619459
960,0.0001,6.674147856150133e-05,9.189918788054577e-05,0.967550200803213,1.3759175156972494
961,0.0001,6.643573481899997e-05,9.189799046831161e-05,0.967550200803213,1.3800481072391373
962,0.0001,6.646984093094943e-05,9.224208658112281e-05,0.9672289156626507,1.38069460765425
963,0.0001,6.72293758422408e-05,9.188992591961904e-05,0.9678714859437753,1.3761544914130706
964,0.0001,6.62524033638571e-05,9.183956060140585e-05,0.9686746987951809,1.379778337765889
965,0.0001,6.529653637699084e-05,9.170207731476255e-05,0.9672289156626506,1.3761508723339402
966,0.0001,6.759881859276599e-05,9.180825436487794e-05,0.9672289156626506,1.3752110050385258
967,0.0001,6.575963573898966e-05,9.162724012837195e-05,0.9683534136546186,1.37447867910546
968,0.0001,6.697918615827803e-05,9.179471799800824e-05,0.9678714859437751,1.375352949119476
969,0.0001,6.702067645771118e-05,9.16720642701229e-05,0.9683534136546185,1.3738487033958895
970,0.0001,6.713305738230702e-05,9.122697742731614e-05,0.9685140562248996,1.374204407542585
971,0.0001,6.613858640776016e-05,9.165002108153225e-05,0.967710843373494,1.373344523073679
972,0.0001,6.639173043367918e-05,9.173935467548421e-05,0.9686746987951808,1.377637260505952
973,0.0001,6.72782870727436e-05,9.168946902696829e-05,0.9681927710843373,1.3744116780269577
974,0.0001,6.691780126857338e-05,9.16736807599832e-05,0.9680321285140563,1.3786758557859673
975,0.0001,6.72578384182998e-05,9.16520230042894e-05,0.967550200803213,1.3748217611427767
976,0.0001,6.732639024752037e-05,9.189792793014097e-05,0.9678714859437751,1.3807980215693094
977,0.0001,6.576459654752397e-05,9.19964166950008e-05,0.967550200803213,1.378791360970003
978,0.0001,6.829982970278555e-05,9.176608547428062e-05,0.9678714859437751,1.3786234177738788
979,0.0001,6.73657821607776e-05,9.22211228290584e-05,0.9670682730923694,1.3724489846861505
980,0.0001,6.657892342142683e-05,9.199686315827948e-05,0.9693172690763053,1.3780490619590484
981,0.0001,6.658959622048617e-05,9.186693457732291e-05,0.9680321285140563,1.372911274002259
982,0.0001,6.681761606159853e-05,9.194833707942414e-05,0.9681927710843375,1.3769943260284792
983,0.0001,6.606911756534828e-05,9.225007011246564e-05,0.9686746987951808,1.3752421462392233
984,0.0001,6.734996719994039e-05,9.213913123737683e-05,0.9680321285140563,1.3762296202671096
985,0.0001,6.716922913862315e-05,9.187047537388168e-05,0.9678714859437753,1.3773437772888735
986,0.0001,6.661204303478977e-05,9.186483477102032e-05,0.967710843373494,1.372527320988207
987,0.0001,6.644819519957915e-05,9.224898169933627e-05,0.9672289156626507,1.3734500896499817
988,0.0001,6.695002478712316e-05,9.227007587513247e-05,0.9669076305220885,1.3738962104521601
989,0.0001,6.685253332155602e-05,9.18811856711519e-05,0.9665863453815261,1.3734272764389774
990,0.0001,6.66817767220588e-05,9.16268897077338e-05,0.9685140562248997,1.3770900780896107
991,0.0001,6.637020105699775e-05,9.194924432997513e-05,0.9672289156626508,1.3759189574115247
992,0.0001,6.57170975197611e-05,9.175702948431787e-05,0.9680321285140563,1.3741888083607317
993,0.0001,6.688904589585339e-05,9.169727248274329e-05,0.9685140562248997,1.3701802730560302
994,0.0001,6.584203820239053e-05,9.182971791386694e-05,0.967710843373494,1.3738432077040155
995,0.0001,6.569897104782285e-05,9.16612540029483e-05,0.967871485943775,1.3754771020039018
996,0.0001,6.705200521537336e-05,9.195698530017679e-05,0.9681927710843373,1.3767755718116301
997,0.0001,6.577891357058736e-05,9.151674049320149e-05,0.9681927710843373,1.3762961674885577
998,0.0001,6.677278433926403e-05,9.200503539114472e-05,0.9685140562248996,1.3771354905094009
999,0.0001,6.747862704893729e-05,9.18352153644538e-05,0.9686746987951808,1.3744472701865507
